,index,id,word1,word2,similarity,relatedness,cosinus,euclidean
0,0,1,stary,nowy,0.43,7.29,0.6140838522184838,34.195494173536076
1,1,2,bystry,inteligentny,8.86,9.71,0.6407497853109628,18.51688690916105
2,2,3,ciężki,trudny,4.86,7.29,0.7274543497205729,24.660318803448284
3,3,4,szczęśliwy,radosny,8.14,8.86,0.7946677488618643,16.09048088516195
4,4,5,łatwy,męczący,0.43,6.43,0.5852112186955624,27.133395093680445
5,5,6,szybki,gwałtowny,3.71,7.0,0.5975216630440288,25.573912619456394
6,6,7,szczęśliwy,zadowolony,6.29,8.14,0.7348976719504653,16.891996110436683
7,7,8,krótki,długi,0.43,7.43,0.8892974768757353,14.322971789222828
8,8,9,głupi,tępy,7.57,9.14,0.6854897745934869,19.74635549072537
9,9,10,dziwny,niesamowity,4.57,6.14,0.8275700961684838,16.377578757275202
10,10,11,szeroki,wąski,0.43,7.43,0.8459669955460469,19.36418229254334
11,11,12,zły,okropny,6.57,8.29,0.7137492894668036,33.62127595768336
12,12,13,łatwy,uciążliwy,0.14,4.43,0.7167770302460745,23.33070950548663
13,13,14,zły,straszny,6.29,8.29,0.7074969515475054,33.336153857130626
14,14,15,skomplikowany,prosty,0.14,6.14,0.806429487163678,16.82507836380675
15,15,16,bystry,tępy,0.14,6.43,0.4251201636566034,24.58779934400897
16,16,17,obłąkany,zwariowany,7.29,8.29,0.7950935587548068,12.421127965694652
17,17,18,szczęśliwy,wściekły,0.14,5.29,0.5610693592366695,18.30872922041295
18,18,19,wielki,olbrzymi,9.14,9.57,0.8343667610389175,17.779923272096745
19,19,20,twardy,ciężki,1.86,5.57,0.6846761750457958,20.785724879882082
20,20,21,nowy,świeży,6.43,8.57,0.5102769058702432,37.47213650232323
21,21,22,ostry,tępy,0.43,7.43,0.49019264625331005,28.344908105758204
22,22,23,prędki,gwałtowny,4.29,6.43,0.7459735889540591,17.42101481729495
23,23,24,tępy,głupawy,8.29,8.71,0.6861249671254944,17.735895588435607
24,24,25,cudowny,wspaniały,9.14,9.86,0.876381527649049,12.033537476179271
25,25,26,dziwaczny,osobliwy,8.29,8.71,0.9183026208553242,9.812054684525153
26,26,27,szczęśliwy,zły,0.14,5.57,0.5592809132899911,37.83044348507203
27,27,28,wąski,rozległy,0.43,6.86,0.7886795711139983,22.333010046514417
28,28,29,prosty,łatwy,8.86,9.0,0.7413500739265135,22.72503960187405
29,29,30,stary,świeży,0.14,5.71,0.5331077686993776,25.53608797240719
30,30,31,widoczny,oczywisty,7.0,7.29,0.7458437177146098,19.777099581111354
31,31,32,niedrogi,tani,8.71,9.43,0.8490102112221912,22.037761025722258
32,32,33,miły,wielkoduszny,3.0,5.14,0.5540472811238812,34.16106732456725
33,33,34,dziwny,normalny,0.43,7.43,0.7032779826703932,21.091737308669
34,34,35,dziwny,osobliwy,8.71,8.86,0.8702568553536421,14.539342362160848
35,35,36,zły,niemoralny,5.86,8.29,0.5757174094400249,37.07054140925132
36,36,37,smutny,zabawny,0.43,5.57,0.7529261041247198,18.657579771748935
37,37,38,wspaniały,świetny,9.14,9.14,0.8848215228978422,13.920744778429757
38,38,39,winny,zawstydzony,0.57,4.43,0.6890283240817123,21.492170661500175
39,39,40,piękny,wspaniały,6.43,8.14,0.9014451861211858,14.329849887366615
40,40,41,przeświadczony,pewny,7.29,7.86,0.8199680582534145,18.27823014059975
41,41,42,głupol,tępy,7.43,8.14,0.6349264360351445,18.7178260893989
42,42,43,wielki,duży,8.71,9.0,0.7682398469720753,27.196670504258034
43,43,44,miły,okrutny,0.43,5.86,0.42023863449923277,38.05771696626773
44,44,45,niecierpliwy,niespokojny,4.71,6.57,0.8875131779361706,11.035224506248525
45,45,46,duży,szeroki,4.86,7.86,0.6945203352737028,30.710800463525267
46,46,47,silny,dumny,0.43,2.71,0.6525407528326579,29.782601579046975
47,47,48,niepotrzebny,potrzebny,0.43,7.43,0.8725530287882532,13.971005972542098
48,48,49,niespokojny,młody,0.43,2.71,0.5347512836714395,27.168473870701185
49,49,50,głupi,inteligentny,0.43,7.29,0.43444832249176923,25.51808641172395
50,50,51,zły,świetny,0.29,5.57,0.4320759610234173,42.02983572002647
51,51,52,trudny,prosty,0.14,6.29,0.7151433806136478,25.22492022411403
52,52,53,potrzebny,ważny,6.86,7.43,0.8214083725194065,21.586150669622295
53,53,54,zły,niesamowity,0.29,3.86,0.5135615111221914,38.869007152959846
54,54,55,szalony,zadowolony,0.29,2.71,0.6055986101446922,21.42817487476789
55,55,56,uczciwy,winny,0.43,3.43,0.700454143797747,21.576371988396264
56,56,57,łatwy,trudny,0.14,6.86,0.8282291920260271,20.454666442240043
57,57,58,łatwy,elastyczny,1.57,2.29,0.6923673331895056,25.180002800764044
58,58,59,niewątpliwy,pewny,7.43,8.0,0.8316442846132233,17.40257973638854
59,59,60,istotny,potrzebny,7.43,8.29,0.7673335008362525,22.192452750134358
60,60,61,inny,normalny,0.43,6.29,0.8074742805772152,22.404528845111205
61,61,62,chytry,mądry,2.14,4.57,0.64775759911612,19.090985735028575
62,62,63,istotny,ważny,9.43,9.57,0.9271391113725351,14.106584287800183
63,63,64,przykry,okrutny,4.0,5.71,0.7284835430433001,19.601762077506223
64,64,65,dziecinny,głupi,4.86,6.71,0.4234881619663339,26.37533695792001
65,65,66,unikatowy,rzadki,9.0,9.0,0.6155942364370004,22.98688762370626
66,66,67,przyjacielski,hojny,1.0,5.0,0.7381026405122525,21.627460874073158
67,67,68,delikatny,nieczuły,0.43,4.57,0.7454583119777917,17.41131379204984
68,68,69,długi,wąski,0.29,5.57,0.6472301693061773,28.6061756483294
69,69,70,duży,ciężki,0.71,5.43,0.5804927568713827,34.6522451273234
70,70,71,szorstki,chłodny,3.86,5.71,0.7187334754265355,19.738464433409504
71,71,72,dziwaczny,dziwny,9.29,9.29,0.9196177836972143,11.511893829878167
72,72,73,nielegalny,niemoralny,0.71,4.0,0.7643927046845692,19.961705259120347
73,73,74,zły,winny,2.0,4.29,0.6136925769923897,35.777681331098485
74,74,75,nowoczesny,starożytny,0.14,6.43,0.6587467813611538,22.696800214063543
75,75,76,nowy,starożytny,0.14,6.0,0.5429603228649599,36.450457403906825
76,76,77,nudny,zabawny,0.14,5.86,0.819728840853879,18.064959531430897
77,77,78,szczęśliwy,młody,0.0,3.43,0.6007758413072785,24.806882288965575
78,78,79,łatwy,duży,0.29,0.29,0.572635414810495,35.96159252837344
79,79,80,wspaniały,okropny,0.29,5.86,0.6153622016350246,20.01238880568407
80,80,81,malutki,ogromny,0.14,6.71,0.5579687215907213,24.816289720078405
81,81,82,uprzejmy,odpowiedni,1.0,2.43,0.6326288498739743,22.096107430530047
82,82,83,skromny,zawstydzony,1.86,3.71,0.7154335636306755,18.376512405405496
83,83,84,egzotyczny,rzadki,5.43,7.29,0.7758410651518987,16.90646181279217
84,84,85,głupi,mądry,0.29,6.71,0.7112316497499538,19.053726121935718
85,85,86,zachwycający,cudowny,9.0,9.71,0.867544464405829,12.161306751174234
86,86,87,zauważalny,oczywisty,5.43,7.57,0.8366949848858861,14.608101129612335
87,88,89,formalny,właściwy,1.71,3.29,0.8276342791960072,17.60167677618893
88,89,90,ponury,nudny,0.57,3.14,0.6411092920612387,24.41542122641481
89,90,91,zachwycający,wesoły,0.57,2.57,0.5693715077422933,21.313135999096293
90,91,92,nieszczęśliwy,szalony,0.43,4.43,0.788823360098629,14.936497848337943
91,92,93,smutny,straszny,0.43,1.57,0.8020714988440281,14.951035002365892
92,93,94,chory,zwariowany,2.14,4.43,0.48683183538345415,30.3600176106832
93,94,95,gwałtowny,gniewny,4.57,6.29,0.7978849501109431,16.6111781835604
94,96,97,brudny,tani,0.0,1.43,0.5076895715800693,33.59943435828223
95,97,98,elastyczny,giętki,9.29,9.29,0.7152747955997057,21.199044448854846
96,98,99,twardy,gęsty,0.86,3.86,0.5880221258792073,26.252549750711186
97,99,100,niedawny,nowy,6.86,8.57,0.7088265440616215,30.900672270044726
98,100,101,śmiały,dumny,1.14,4.14,0.7215731842363872,20.381500471115466
99,101,102,dziwny,przebiegły,0.29,2.14,0.6158586802731347,23.8774226921472
100,102,103,dziwny,chytry,1.43,2.0,0.5141801327204686,25.31015562332814
101,104,105,przebiegły,twardy,0.0,0.14,0.44947184705723814,25.931147186994696
102,105,106,niesamowity,szalony,1.71,3.43,0.8280162703222914,13.406182207746506
103,106,107,skromny,elastyczny,0.0,0.29,0.669497820598914,23.294390045978435
104,107,108,świeży,rozległy,0.0,0.0,0.5791957537516758,23.700524073203475
105,108,109,ogromny,głupi,0.0,0.0,0.13828510146240583,36.427012365439374
106,109,110,wielki,elastyczny,0.29,0.57,0.5770849336454719,28.238775712748932
107,110,111,brudny,wąski,0.0,0.86,0.5535703945062438,30.935619574500866
108,111,112,żona,mąż,2.14,8.43,0.9020901455158697,20.105314425946837
109,112,113,książka,tekst,3.14,7.0,0.6753653681596615,27.094838946096193
110,113,114,narzeczony,narzeczona,2.71,9.57,0.9333696135568861,7.386492837149577
111,114,115,noc,dzień,0.29,7.43,0.5198246600161767,46.48471530760071
112,115,116,południe,północ,0.29,7.43,0.8281727483901761,16.176167032597956
113,116,117,samolot,lotnisko,0.57,8.57,0.7539703489204004,20.56190948896014
114,117,118,wuj,ciotka,2.43,9.29,0.5196409339172944,28.186760509617898
115,118,119,koń,klacz,4.29,9.14,0.8276936944689026,35.03951727529991
116,119,120,dno,wierzch,0.29,7.57,0.6091953636756482,33.5257392283502
117,120,121,przyjaciel,kumpel,6.71,8.43,0.3252112957297397,24.837254432563878
118,121,122,student,uczeń,7.57,8.71,0.7328778791760902,27.608312449742577
119,122,123,świat,glob,7.14,9.0,0.5896464726194646,30.65355911656935
120,123,124,noga,ramię,0.29,8.0,0.7304719416444507,28.90474052008532
121,124,125,samolot,odrzutowiec,6.71,9.57,0.8020695303585321,18.58257623170606
122,125,126,kobieta,mężczyzna,2.14,8.43,0.9139745566931369,10.607325286943642
123,126,127,koń,źrebak,7.57,9.29,0.7338437087578449,42.378578992392775
124,127,128,aktorka,aktor,2.43,9.29,0.8472587971651834,18.430569208562087
125,128,129,nauczyciel,instruktor,7.29,9.0,0.7573166855554329,17.396420913542965
126,129,130,film,kino,2.43,9.14,0.7098312138066472,33.48195131372985
127,130,131,ptak,jastrząb,5.0,8.86,0.4912066945421959,33.02807199802078
128,131,132,słowo,słownik,0.43,8.29,0.6077156698224193,27.37582429506323
129,133,134,pies,kot,1.14,7.29,0.8523488973428491,22.438093602779045
130,134,135,obszar,region,9.0,9.43,0.7616538678721126,25.107246668245043
131,135,136,flota,armia,3.71,7.86,0.7452139948813381,27.957721165182427
132,136,137,książka,literatura,3.14,9.14,0.7551105069452237,19.383855381873275
133,137,138,ubranie,szafa,0.43,8.0,0.575638165178887,27.232771335159573
134,138,139,zachód,wschód,0.43,7.29,0.9110510360323792,12.008582713961085
135,139,140,dziecko,dorosły,0.86,7.0,0.8604150574205631,15.01020528153246
136,140,141,krowa,bydło,5.86,9.14,0.8862454873149966,14.168946412179555
137,141,142,książka,opowieść,4.57,7.43,0.7127135148157842,22.151065954821473
138,142,143,zima,lato,0.43,7.29,0.7324411074937026,25.41224186731055
139,143,144,taksówka,taryfa,6.29,8.86,0.48714725124627134,26.12580686871544
140,144,145,drzewo,klon,4.86,8.0,0.6271632433514612,26.861396419820586
141,145,146,łóżko,sypialnia,1.57,7.43,0.7325515415824593,22.525346238916196
142,146,147,dach,sufit,1.71,6.57,0.7274830258224102,28.078252812628584
143,147,148,schorzenie,infekcja,4.86,7.86,0.839499545306608,16.709053157739877
144,148,149,ramię,bark,3.86,8.43,0.5655678936471639,30.544178865715775
145,149,150,owca,jagnię,7.43,9.14,0.7113381616747578,24.491698112545727
146,150,151,dama,dżentelmen,1.57,9.0,0.7238162302728206,23.57061474601874
147,152,153,ksiądz,mnich,4.29,8.14,0.4794406806246556,30.71426808350471
148,153,154,paluch,palec,7.71,8.86,0.80546172485122,23.255654300549196
149,154,155,rzeka,strumień,7.57,9.14,0.7572898363228835,26.410738339862704
150,156,157,data,kalendarz,0.57,7.86,0.589451954609994,33.04585276985543
151,157,158,morze,ocean,4.71,9.0,0.8276329793122559,20.77208975195589
152,158,159,sekunda,minuta,2.71,9.14,0.8518588389152236,18.384656355195382
153,159,160,dłoń,kciuk,1.43,8.57,0.5607848873204738,37.30642378311841
154,160,161,drewno,kłoda,5.29,9.0,0.5838408889628725,27.26935679637202
155,161,162,błoto,brud,3.57,7.86,0.7602689821367833,22.279995110801888
156,162,163,hol,korytarz,8.71,9.57,0.6044701400057532,31.515160393371964
157,163,164,sposób,maniera,6.29,7.14,0.6750383760186461,26.074494954663937
158,164,165,mysz,kot,0.86,7.14,0.7259985589418777,29.318076747194112
159,165,166,gliniarz,szeryf,5.14,8.43,0.6908087978879422,14.36528916621887
160,166,167,śmierć,pochówek,0.29,8.57,0.5789762763264469,24.84426302556584
161,167,168,muzyka,melodia,6.57,8.57,0.8064282142124792,21.20828104144557
162,168,169,piwo,alkohol,3.86,8.43,0.6563901721384151,28.659002682472863
163,169,170,usta,warga,5.14,8.57,0.6587571805192021,34.12386801984208
164,170,171,burza,huragan,3.14,7.29,0.7530338286191658,19.25783365907565
165,171,172,podatek,dochód,0.14,6.14,0.8090510065720891,23.135209340147842
166,172,173,kwiat,fiołek,4.57,8.0,0.678487566640777,25.553791737677113
167,173,174,papier,tektura,3.29,7.57,0.6313869100343459,26.116547179688236
168,174,175,podłoga,sufit,0.43,6.86,0.733204849895107,21.185631466114128
169,175,176,plaża,wybrzeże,3.71,7.86,0.6401299892991523,25.999275689599894
170,176,177,karnisz,zasłona,0.0,8.0,0.5643183756759719,24.098088503243755
171,177,178,ogar,lis,0.43,5.71,0.3199232277466006,39.29945208741263
172,178,179,ulica,aleja,7.14,8.86,0.8353691612030623,25.60461089258154
173,180,181,samochód,klakson,0.0,7.71,0.5873889027117996,22.605915643220584
174,181,182,przyjaciel,gość,0.71,4.14,0.6477922994978644,30.85217733018325
175,182,183,pracodawca,pracownik,0.0,8.57,0.8565688878400608,15.145449218538186
176,183,184,dłoń,nadgarstek,1.43,8.86,0.7425500078470919,33.029051861851556
177,184,185,kula,działo,0.29,8.29,0.3326951401874593,36.665909944501436
178,185,186,alkohol,koniak,5.43,9.43,0.4849740757358836,26.829908816962387
179,186,187,zwycięstwo,triumf,9.71,9.71,0.7973438363700375,16.341712942821324
180,187,188,telefon,budka,0.29,5.71,0.4044906962042321,32.161874925294484
181,188,189,drzwi,wejście,8.14,9.0,0.5806344570889931,32.632276436591226
182,189,190,motel,zajazd,7.29,8.57,0.6419079925802944,21.33626261560911
183,190,191,ubiór,tkanina,2.29,8.0,0.6281692567972348,24.893955756354817
184,191,192,stek,mięso,5.86,8.57,0.6419596492375883,27.75685828811417
185,192,193,paznokieć,kciuk,2.0,7.29,0.3527487358845809,29.294267890453142
186,193,194,zespół,orkiestra,6.29,7.71,0.6642373029877892,25.284484003987686
187,194,195,książka,Biblia,2.29,6.71,0.5755964006679377,26.053415236481012
188,195,196,biznes,przemysł,4.86,7.86,0.5665133025216696,30.088578449374808
189,196,197,zima,sezon,3.71,7.14,0.5744304525245655,35.712272907016704
190,197,198,dekada,wiek,0.86,6.71,0.5999708594145721,44.378039203286775
191,198,199,alkohol,dżin,5.57,9.43,0.35832291870595684,29.103919057518816
192,199,200,kapelusz,płaszcz,0.43,5.71,0.737484756349172,17.683753758949496
193,200,201,okno,drzwi,1.0,7.0,0.8321806123000242,24.234208151353016
194,201,202,ramię,nadgarstek,1.86,8.0,0.7557601657461688,24.167655578648457
195,202,203,dom,apartament,5.0,8.14,0.64006885384269,41.626287668950845
196,203,204,szkło,kryształ,4.0,7.0,0.7735815744253263,20.688095208478014
197,204,205,wino,koniak,2.14,8.86,0.6882507722464704,31.271492404527837
198,205,206,twórca,wykonawca,3.71,7.86,0.5372858689082808,26.00997442440398
199,206,207,obiad,śniadanie,0.71,8.0,0.8285776147170947,17.01480481730921
200,207,208,ramię,mięsień,0.29,6.86,0.5064707213479739,33.35853659300136
201,208,209,bąbelek,mydliny,2.43,6.71,0.6143557804237826,17.14617777898552
202,209,210,chleb,mąka,0.71,7.14,0.69715965161373,27.296617093151635
203,210,211,śmierć,tragedia,2.71,7.29,0.66178767659921,21.846803074150298
204,211,212,nieobecność,obecność,0.43,7.43,0.8790516730684254,12.804897452155249
205,212,213,pistolet,działo,2.29,7.0,0.42525721805713995,26.847077298748808
206,213,214,trawa,źdźbło,3.43,8.57,0.7101345375284959,24.809522738485562
207,214,215,piłka,kosz,0.0,6.71,0.5549172189184796,40.49560510283427
208,215,216,szlauch,ogród,0.0,6.71,0.4652955076554711,31.45625012156811
209,216,217,chłopiec,dzieciak,5.14,7.43,0.7988019816888378,14.305183560702778
210,217,218,kościół,chór,0.0,6.43,0.5131035867254891,41.54295891738645
211,219,220,wieża,dzwon,0.0,7.0,0.6181712662915912,29.109916713418663
212,220,221,ojciec,rodzic,7.14,9.43,0.6488106583638992,24.64616350463741
213,221,222,szkoła,stopień,0.29,6.14,0.4489277372272641,35.05328279637307
214,222,223,rodzic,dorosły,3.29,7.57,0.7469493201130515,21.003387362105975
215,223,224,krata,więzienie,1.86,8.0,0.6442936543009591,23.65598228311349
216,224,225,samochód,autostrada,0.0,8.14,0.6065409601087601,22.90181660142221
217,225,226,słownik,definicja,0.43,8.14,0.6606936531626907,22.311848750933947
218,226,227,drzwi,piwnica,0.14,5.14,0.5758661133319413,32.5678123198342
219,227,228,armia,legion,4.14,7.86,0.8030188522366142,26.19508427181731
220,228,229,metal,aluminium,3.71,8.43,0.7691896859783603,23.661947617854917
221,229,230,krzesło,ławka,1.57,8.14,0.7008066916715812,25.181535260638086
222,230,231,obłok,mgła,3.0,6.86,0.809162113136909,21.50835965954517
223,231,232,chłopiec,syn,5.29,7.86,0.43919272258459174,43.13698772656148
224,232,233,woda,lód,2.43,8.14,0.6588344032871707,39.45297491303692
225,233,234,łóżko,koc,0.0,6.86,0.7344649779022857,31.753115672908383
226,234,235,adwokat,prawnik,6.0,9.14,0.7991891380313358,17.79076307099212
227,235,236,obszar,strefa,8.14,8.86,0.794107527490038,23.804791828784236
228,236,237,biznes,firma,7.71,9.29,0.6365769896360699,31.94806276069662
229,237,238,ubranie,materiał,2.0,8.29,0.6720284217705995,25.141114878024922
230,238,239,sweter,kurtka,1.86,6.57,0.8864803783887327,14.329972164546394
231,240,241,ręka,stopa,0.29,7.14,0.5245367248043942,39.520119029821714
232,241,242,alkohol,koktajl,2.86,6.57,0.43912306067881396,26.38299023380483
233,242,243,jard,cal,1.57,8.71,0.34238876322321915,40.92262743183718
234,243,244,molekuła,atom,6.57,9.0,0.7615126594074262,24.262550573651236
235,244,245,obiektyw,aparat,1.86,9.14,0.7726006458833012,19.334820503067338
236,245,246,posiłek,obiad,4.71,8.71,0.800806526947444,19.688530489541332
237,246,247,oko,łza,0.14,7.86,0.4634864191303736,56.10891121197815
238,247,248,bóg,diabeł,0.14,8.14,0.49864950501669947,52.038525198095144
239,248,249,pętla,pasek,0.29,2.0,0.5357553942236123,29.375327247908984
240,249,250,szczur,mysz,2.71,8.43,0.6940195114796646,21.546689993627684
241,250,251,motor,silnik,6.29,8.43,0.6511761960922692,26.293106167451178
242,251,252,samochód,taksówka,4.14,8.14,0.8320349797933615,15.224207180228175
243,252,253,kot,lew,3.29,7.71,0.16775471839975054,46.85085876444002
244,253,254,rozmiar,wielkość,7.29,9.71,0.8531274484765606,15.74628577479706
245,254,255,rzeczywistość,fantazja,0.14,6.43,0.6662866259902825,20.077244094406232
246,255,256,drzwi,brama,4.57,8.57,0.742437090416067,27.206409987590973
247,256,257,kot,zwierzak,4.71,8.71,0.7972925042177452,28.715455993045104
248,257,258,puszka,aluminium,1.29,7.71,0.43747098304420906,26.507581218048305
249,258,259,kość,szczęka,1.57,7.43,0.6951948705491103,35.807766188149195
250,259,260,zboże,pszenica,4.29,8.43,0.8505984576238469,18.480876034563867
251,260,261,dom,klucz,0.0,5.71,0.35401173901507726,49.133724404128664
252,261,262,krew,ciało,0.14,6.57,0.6185747868447865,36.754172563260276
253,262,263,drzwi,korytarz,0.0,5.0,0.7397885036177907,27.03552051216734
254,263,264,bóg,duch,1.86,6.0,0.7263908318152176,40.88265461099648
255,264,265,zdolność,kompetencja,6.29,8.0,0.7885399645020826,21.873436479108992
256,265,266,obfitość,dostatek,7.71,9.0,0.7225331060323731,19.174153167241013
257,266,267,kanapa,krzesło,1.43,8.43,0.8318191508988259,14.90661948247138
258,267,268,ściana,cegła,1.0,7.0,0.7062544472504043,24.544637011070602
259,268,269,trąbka,bęben,1.0,8.0,0.7707482524683312,16.837308910727153
260,269,270,organ,wątroba,3.86,8.43,0.35572854701648,42.57015853905895
261,270,271,siła,moc,8.43,9.43,0.6601884742380021,43.54294039769766
262,271,272,fraza,słowo,4.29,8.14,0.7552110115447079,21.818908911493075
263,272,273,zespół,parada,0.0,4.86,0.3935169679116656,33.01401345526343
264,273,274,żołądek,talia,0.0,2.57,0.4044144186403889,28.7124454788661
265,274,275,chmura,burza,1.29,7.43,0.6773059585354743,23.66006425999435
266,276,277,hałas,grzechot,4.14,7.14,0.616929967742149,24.76541855402008
267,277,278,deszcz,mgła,1.57,5.57,0.7129289648559608,26.139025049193958
268,278,279,piwo,napój,3.43,8.14,0.7705411363498442,25.313763809337225
269,279,280,mężczyzna,wujek,3.43,7.86,0.20207342376077506,27.35894922054431
270,280,281,jabłko,sok,0.0,5.29,0.6818054501343377,35.08160125171608
271,281,282,inteligencja,logika,3.86,6.57,0.7383704883222325,19.570679944470502
272,282,283,komunikacja,język,2.57,7.57,0.40290029827159896,38.97674891661351
273,283,284,norka,futro,1.71,7.43,0.673906132077085,20.291712256771998
274,284,285,motłoch,tłum,6.43,8.29,0.6243292612899662,30.433382028966022
275,285,286,brzeg,wybrzeże,7.71,9.14,0.7277778393248819,22.973075383083106
276,286,287,drut,sznur,2.71,3.86,0.7930389249115243,21.850228958281352
277,287,288,ptak,indyk,3.43,8.29,0.43074994633345615,34.674539864332544
278,288,289,łóżko,łóżeczko,8.57,9.71,0.8123193829776134,19.704401084662432
279,289,290,kompetencja,umiejętność,7.29,8.57,0.7832650544439678,19.69559584806375
280,290,291,chmura,mgiełka,3.57,6.43,0.757977330637854,19.47588383518849
281,291,292,kolacja,posiłek,4.43,8.86,0.8475436911288455,16.99202939547907
282,292,293,pręt,klatka,0.86,6.86,0.6151771886893248,30.853311194398177
283,293,294,woda,sól,0.0,4.43,0.4994647607475688,44.70009780855612
284,294,295,zmysł,intuicja,6.14,8.14,0.7453275400648608,22.288908386219795
285,295,296,sytuacja,stan,6.14,7.57,0.7374376823974554,30.21388195785634
286,296,297,przestępstwo,kradzież,6.0,8.43,0.7880274555288969,18.809871318099653
287,297,298,styl,moda,5.43,8.29,0.6953824823688755,30.375708093623775
288,298,299,rubież,granica,7.57,9.0,0.6772952045240808,23.079650924722976
289,299,300,ramię,ciało,1.14,7.86,0.6256430591302283,31.210221476619097
290,301,302,kanapka,lunch,1.0,7.14,0.5938961703427245,21.31118867171106
291,302,303,narzeczona,księżniczka,1.0,2.71,0.6805430372814096,15.078392752751103
292,303,304,bohaterka,bohater,3.14,9.29,0.8683228641718154,12.78597447369128
293,304,305,samochód,wskaźnik,0.0,4.57,0.359744500522448,31.48358724033763
294,305,306,owad,pszczoła,4.71,8.43,0.8446125570853242,23.026316850313577
295,306,307,łóżeczko,kołyska,5.71,8.57,0.6930405118732379,17.16547054738814
296,307,308,zwierzę,człowiek,1.57,4.43,0.7175704532181634,21.794554419892076
297,308,309,marihuana,zioło,7.29,8.86,0.5263692432846109,20.6088705091914
298,309,310,łóżko,szpital,0.0,6.43,0.40363852638561015,35.04830998635499
299,310,311,policzek,język,0.43,5.57,0.3098031130508309,40.09384881612435
300,311,312,dysk,komputer,0.14,7.57,0.6812538845918442,29.302333467093465
301,312,313,krzywa,kąt,1.29,5.71,0.5284279103614352,44.448377591626
302,313,314,trawa,mech,2.0,6.29,0.808731145825121,20.726955810032162
303,314,315,szkoła,prawo,0.0,2.57,0.3271763450506253,46.29934037835439
304,315,316,stopa,głowa,0.29,6.0,0.5087312357208926,34.25248681975783
305,316,317,matka,opiekunka,5.57,8.0,0.6797509534645677,23.95977062632276
306,317,318,ortodonta,dentysta,3.29,8.86,0.7884024724474638,12.380259190870094
307,318,319,alkohol,whisky,3.29,8.57,0.4931311334114209,25.871814463899298
308,319,320,usta,ząb,1.43,7.14,0.38762668893530955,56.046261678809095
309,320,321,śniadanie,bekon,0.29,4.71,0.6139165407093579,19.236815076840216
310,321,322,łazienka,sypialnia,0.29,6.57,0.8774674175293659,11.933268835759547
311,322,323,talerz,miska,1.71,7.43,0.8582514826147386,16.101613814768665
312,323,324,mięso,bekon,3.14,8.29,0.6729384785327424,25.390857178518722
313,324,325,powietrze,hel,1.43,5.71,0.423350829539724,36.22847350396062
314,325,326,robotnik,pracodawca,1.0,7.29,0.58884065344812,23.6107135944579
315,326,327,ciało,pierś,2.29,7.14,0.713676310280132,26.509330123420167
316,327,328,syn,ojciec,1.14,8.57,0.766028473773531,32.66881110482951
317,328,329,serce,operacja,0.0,4.29,0.19858140627860107,40.10566319711286
318,329,330,kobieta,sekretarka,2.14,6.0,0.36618018899611,26.477677863433694
319,330,331,mężczyzna,ojciec,2.71,7.57,0.5277561671962717,23.95501263301458
320,331,332,plaża,wyspa,0.57,6.14,0.6707244089679332,28.732372656450533
321,332,333,opowiadanie,temat,0.14,4.86,0.6138092722508994,28.30076960219401
322,333,334,gra,zabawa,7.43,8.71,0.5562074531105248,53.2908901931443
323,334,335,weekend,tydzień,0.71,7.86,0.7133429476135227,21.463575977550594
324,335,336,para,duet,9.0,9.57,0.42771911607475777,35.915038034976405
325,336,337,kobieta,żona,3.14,7.57,0.6054829998330232,27.469344603025952
326,337,338,owca,bydło,0.71,4.57,0.8494414822108691,18.220469561633614
327,338,339,torebka,torba,8.43,9.43,0.8750375616885532,14.945694725320365
328,339,340,sufit,katedra,0.29,4.14,0.17805812810317637,36.957336163312526
329,340,341,ziarno,kawa,1.14,7.14,0.4123885926179093,36.1622432468216
330,341,342,drewno,papier,0.57,5.57,0.5388394884826083,31.515418679990166
331,342,343,wierzch,strona,2.29,5.0,0.46377357585338863,28.196917083995125
332,343,344,przestępstwo,oszustwo,6.0,8.14,0.8560293229820598,15.356983906560778
333,344,345,ból,rana,0.57,7.43,0.6161963411650294,46.51718297999902
334,345,346,kochanek,towarzysz,2.86,5.14,0.6458149987583398,17.04283679066024
335,346,347,wieczór,zmierzch,6.43,8.29,0.4830602359381096,23.872538504870274
336,347,348,ojciec,córka,0.43,8.57,0.7620732810242705,19.229770559504892
337,348,349,wino,trunek,4.57,8.14,0.801097043881167,25.510822172584838
338,349,350,krowa,koza,0.86,6.86,0.8362385312220226,16.39007785288009
339,350,351,wiara,opinia,2.14,3.57,0.46560268567785534,38.71989484862517
340,351,352,rzeczywistość,iluzja,0.71,6.71,0.8100476388849731,15.348429901070402
341,352,353,pakt,porozumienie,8.29,9.14,0.7408611300690061,30.38928833616243
342,353,354,bogactwo,bieda,0.43,7.43,0.5716029574368902,25.225055886269946
343,354,355,wypadek,awaria,3.29,6.57,0.7151187572152989,22.900163869481297
344,355,356,bitwa,podbój,3.71,7.14,0.5738159032249549,32.35613199721691
345,356,357,przyjaciel,nauczyciel,0.86,3.43,0.6449785170204309,20.904691406745783
346,357,358,choroba,infekcja,6.29,8.14,0.8113501278242915,19.6041419453119
347,358,359,gra,sztuczka,3.14,4.29,0.43992211056690333,57.766426450039376
348,359,360,brat,syn,1.43,6.71,0.813154203904992,28.64165043586984
349,360,361,ciotka,siostrzeniec,0.57,7.14,0.7184443560930952,16.745880396498002
350,361,362,robotnik,mechanik,4.43,7.0,0.5929137700690108,21.74247709157095
351,362,363,lekarz,ortodonta,3.86,7.43,0.6199345383120447,26.54700352383243
352,364,365,pszczoła,królowa,0.71,5.14,0.4436012943406086,24.4518127756266
353,365,366,samochód,rower,0.71,6.71,0.7718337335624231,20.387257540276266
354,366,367,cel,poszukiwanie,0.14,5.0,0.5132519016465531,59.19173129076572
355,367,368,sierpień,miesiąc,3.29,8.86,0.6451726064515805,24.73174590505763
356,368,369,armia,brygada,3.43,7.0,0.7893732959476969,26.684700204382132
357,369,370,chmura,pogoda,0.29,7.0,0.5260971813672323,31.30527399793548
358,370,371,lekarz,doktor,8.86,9.57,0.6971861816775926,24.349057790960074
359,371,372,kanion,dolina,5.71,8.29,0.8008133252227657,20.396994602198752
360,372,373,rzeka,dolina,0.14,5.71,0.842696213749913,21.408860150856256
361,373,374,słońce,niebo,0.29,8.57,0.8105759307600192,20.78337738973702
362,374,375,cel,strzała,0.0,6.0,0.1839466120444897,68.46401578696857
363,375,376,czekolada,ciasto,0.86,5.57,0.7703056585386835,18.711960296871677
364,376,377,okoliczność,sytuacja,7.57,8.57,0.7862445968984426,19.89100039419923
365,377,378,opinia,wybór,0.14,5.0,0.5566470112051302,33.38771222148542
366,378,379,rytm,melodia,1.86,8.14,0.750293950838164,28.824349559159398
367,379,380,jelito,nerw,0.29,2.71,0.6136119088067702,28.766489341524974
368,380,381,dzień,świt,3.14,7.29,0.38227394650166485,38.09175645387166
369,381,382,bydło,wołowina,1.0,6.14,0.6404281873048466,23.096820090081664
370,382,383,doktor,profesor,2.57,8.86,0.8158453164660001,17.327544850170984
371,383,384,ramię,żyła,0.29,4.0,0.3587153435351167,37.584325349324565
372,384,385,pokój,łazienka,2.57,6.29,0.7568951638568094,22.329165327485462
373,385,386,korporacja,biznes,3.29,6.71,0.7319928294821206,20.14298603180858
374,386,387,rozrywka,futbol,1.86,5.29,0.4436509912022917,27.742944246898528
375,387,388,wzgórze,klif,1.57,5.57,0.6762897619207867,23.163245471098882
376,389,390,jabłko,cukierek,0.29,3.29,0.7243229430766034,16.791498140368752
377,390,391,pomocnik,służący,3.86,6.43,0.40890643913914376,24.90681822459069
378,391,392,lider,menedżer,5.86,7.57,0.673031106386216,25.585253881080817
379,392,393,cytryna,herbata,0.14,6.43,0.6783079615501368,18.089461137923426
380,393,394,pszczoła,mrówka,1.57,6.71,0.8376824203901627,13.591545550259543
381,394,395,koszykówka,bejsbol,1.0,7.14,0.3352632279625188,22.410579518315696
382,395,396,ryż,ziarnko,1.71,6.29,0.6383158201439365,33.273938922661884
383,396,397,łóżko,mebel,3.29,7.86,0.4827602731021406,33.474656513327396
384,397,398,emocja,pasja,4.86,6.14,0.6230284853142695,30.206930898480284
385,398,399,anarchia,chaos,6.71,8.29,0.7292946508816938,20.45554305741904
386,399,400,przestępstwo,naruszenie,4.0,6.57,0.880259994946589,15.117048252002208
387,400,401,maszyna,silnik,3.0,6.71,0.7053419080502508,24.024373467086882
388,401,402,plaża,morze,0.14,8.14,0.6745017476419595,28.56542842099796
389,402,403,kręgielnia,kula,0.0,7.71,0.40464266810691324,32.905401094224175
390,403,404,słoik,butelka,1.71,6.57,0.8017264790662266,17.55213658612539
391,404,405,siła,zdolność,2.0,4.29,0.6581249677138811,35.76899328755206
392,406,407,gitara,bęben,1.14,6.57,0.6737110341788888,21.74428298174757
393,407,408,opinia,idea,1.43,3.57,0.46484040608382604,40.29179907116813
394,408,409,północ,zachód,0.43,7.29,0.7330146928715685,20.189818460234083
395,409,410,dieta,sałatka,0.14,5.71,0.5445652283305092,31.62237544693602
396,410,411,matka,żona,3.0,8.29,0.7893235109686719,21.585321484491494
397,411,412,tata,matka,2.43,8.86,0.6716982106281165,24.22185063651318
398,412,413,kapitan,żeglarz,4.86,8.0,0.6020336393485848,21.43992958298298
399,413,414,metr,jard,1.86,8.57,0.533213236906591,46.51455179228704
400,414,415,piwo,szampan,1.29,8.14,0.7461300486657205,25.554702102202388
401,416,417,karta,brydż,0.71,8.71,0.3049514321509274,38.685991074893195
402,417,418,nauka,psychologia,2.86,7.0,0.7875741239639406,25.59825629630608
403,418,419,grzesznik,święty,0.29,6.14,0.5894113201302638,26.649313597142722
404,419,420,destrukcja,konstrukcja,0.86,6.14,0.839373995053586,15.153416648677272
405,420,421,tłum,zgraja,6.14,7.43,0.3952023546024201,35.275464636566
406,421,422,plaża,rafa,0.14,3.43,0.6070048623778804,27.837181089060813
407,422,423,mężczyzna,dziecko,1.0,4.43,0.6692510634524234,22.08471613325743
408,423,424,chleb,ser,0.71,5.29,0.54822298544551,42.53942304049252
409,424,425,mistrz,zwycięzca,5.71,6.86,0.717537422835521,23.2644901243615
410,425,426,uroczystość,ceremonia,8.71,9.29,0.8471960772413474,15.067284545095776
411,426,427,menu,zamówienie,0.43,6.43,0.32184217207927845,40.13732473706221
412,427,428,król,księżniczka,1.14,8.14,0.6631819624642085,26.037728873756596
413,428,429,bogactwo,prestiż,1.29,6.43,0.567371241683741,25.96439105912049
414,429,430,wytrzymałość,siła,4.29,6.43,0.5961816745044813,37.87694711631476
415,430,431,niebezpieczeństwo,zagrożenie,9.29,9.71,0.9428514204704624,12.91605911244943
416,431,432,bóg,ksiądz,0.0,6.0,0.25531016633390763,59.679665932564056
417,433,434,kumpel,kompan,7.71,8.57,0.46981561063342386,20.045078687499135
418,434,435,nauczyciel,pomocnik,0.71,3.43,0.5345508461665774,24.667098353422112
419,435,436,ciało,żołądek,0.43,6.14,0.6479272653719438,27.966367642179897
420,436,437,język,gardło,1.0,5.43,0.2882269187729215,41.49790828474235
421,437,438,dom,dywan,0.14,4.14,0.40603986816762583,47.7083460195974
422,438,439,inteligencja,umiejętność,3.71,6.14,0.7761336040146809,19.003881254728178
423,439,440,podróż,podbój,1.29,4.0,0.6965294972469818,24.793770288803753
424,440,441,bóg,modlitwa,0.0,8.29,0.5895136768011652,48.32294523864155
425,441,442,brat,dusza,0.0,1.14,0.4686111879214482,33.175342902756725
426,442,443,adwersarz,oponent,9.43,9.86,0.6773248900364583,16.41642381996554
427,443,444,śmierć,katastrofa,1.86,6.71,0.5904220345921487,24.018880670707222
428,444,445,potwór,demon,6.86,8.14,0.7768877736900676,17.730430398329815
429,445,446,dzień,poranek,4.14,8.57,0.6907389358120629,27.449511265321064
430,446,447,człowiek,zwycięzca,1.29,4.29,0.2530137040924402,29.73438769760685
431,447,448,znajomy,facet,3.71,5.29,0.5901976446002073,21.129129137396554
432,448,449,piosenka,opowieść,1.86,4.0,0.5845981662324462,25.841407894623774
433,449,450,promień,słońce,2.57,8.14,0.7022685867476594,23.416540860990935
434,450,451,facet,ogier,0.86,2.71,0.18375721036195272,32.96497754444635
435,451,452,kurczak,ryż,0.29,5.71,0.6164674782512248,34.14537301836738
436,452,453,kabina,winda,3.29,6.43,0.764598231338324,19.491804224503785
437,453,454,masło,ziemniak,0.29,5.86,0.7150708110484397,20.106997492749976
438,455,456,jezioro,bagno,1.57,5.0,0.6872224128099038,22.675644485306567
439,456,457,sałatka,ocet,0.14,5.29,0.554858229219061,27.15744875127519
440,457,458,kwiat,cebulka,0.29,5.86,0.6583056672321601,26.12649867886116
441,458,459,chmura,mgła,2.71,6.57,0.8339924519129679,20.2109679121508
442,459,460,kierowca,pilot,3.43,6.57,0.5708564816981081,25.788568478535197
443,460,461,cukier,miód,1.57,6.71,0.6373685529810028,28.166990644240236
444,461,462,ciało,bark,1.71,7.86,0.38368529923118283,37.06711502948709
445,462,463,idea,wyobrażenie,6.43,7.71,0.6121695659604588,31.995985963319367
446,463,464,ojciec,brat,1.43,7.29,0.8436113163863539,17.590368806811046
447,465,466,bal,kostium,0.0,7.0,0.486555720707772,42.341383872470054
448,466,467,barierka,płot,6.0,7.86,0.6346019113338626,27.003279050331066
449,467,468,pokój,łóżko,0.0,5.71,0.6614780388998796,27.595422830456595
450,468,469,kwiat,krzew,2.29,6.86,0.7573889213138474,24.258949810508348
451,469,470,kość,kolano,0.43,6.57,0.4877634752919473,42.75567498091641
452,470,471,ramię,kolano,0.43,6.29,0.7695887995903289,22.590441966048235
453,471,472,dno,strona,0.71,1.71,0.2528123263297974,45.29749385431666
454,472,473,naczynie,żyła,2.29,3.43,0.4032596355848798,34.993923799763884
455,473,474,kot,królik,0.71,6.71,0.8257224477588082,27.834263051826593
456,474,475,mięso,kanapka,0.29,4.71,0.6052813226961676,27.332742040199005
457,475,476,wiara,koncept,2.29,4.43,0.49986976511696257,32.54362808128966
458,476,477,inteligencja,wnikliwość,2.29,6.14,0.7674959478148967,17.92611743830565
459,477,478,uwaga,zainteresowanie,7.0,7.86,0.5755899403885271,33.41250751477524
460,478,479,postawa,pewność,1.14,3.43,0.721496803005367,23.64085528516165
461,479,480,słuszność,sprawiedliwość,3.43,5.71,0.7704896496149511,17.964901266556993
462,480,481,prawo,zgoda,0.29,3.43,0.6087523781782633,36.47749746326432
463,481,482,głębokość,wielkość,1.43,6.29,0.7085428918019985,21.97559713068171
464,482,483,medium,wiadomość,0.29,5.86,0.6231873220713079,20.850109666039433
465,483,484,zwycięzca,kandydat,0.57,4.0,0.5953019500885556,22.38067264946017
466,484,485,urodziny,data,2.29,6.14,0.33982757267766195,40.000873896224014
467,485,486,opłata,płatność,8.71,9.43,0.7529097733663768,28.297743463818325
468,486,487,Biblia,hymn,0.0,1.14,0.32438952891210615,39.23831325666407
469,487,488,wyjście,drzwi,6.14,7.57,0.42183703096128383,37.732013903664864
470,488,489,mężczyzna,wartownik,1.14,4.43,0.5947778527466484,19.60854759808635
471,489,490,przejście,hol,3.43,7.0,0.19664564497103543,45.13710430295313
472,490,491,whisky,gin,2.57,8.0,0.5641200275790743,23.642800419420517
473,491,492,krew,szpik,0.71,7.71,0.6586219803626074,34.23868041792286
474,492,493,olej,norka,0.0,0.0,0.10281867630199526,46.86263114875371
475,493,494,podłoga,pokład,2.71,5.43,0.6597027372761862,24.14034147011034
476,494,495,dach,podłoga,0.43,6.29,0.6655500365102032,30.59917503102376
477,495,496,drzwi,podłoga,0.43,5.14,0.6483590811245217,30.524144951962683
478,496,497,bark,głowa,1.43,5.29,0.48498537855861346,32.334243568249676
479,497,498,wóz,powóz,5.14,8.29,0.79671158269475,37.89388739551891
480,498,499,samochód,pojazd,6.43,8.43,0.8963004594254047,18.352296150456027
481,501,502,żal,wstyd,1.86,4.86,0.7474220522372867,27.610494652746155
482,502,503,administracja,zarząd,5.57,8.0,0.6936899159974252,28.71307613429741
483,503,504,komunikacja,konwersacja,4.29,8.0,0.8104929724611085,18.003540691659044
484,504,505,zanieczyszczenie,atmosfera,0.0,6.57,0.6212982906561183,25.581571009287476
485,505,506,anatomia,biologia,2.43,6.86,0.8100998798255378,16.624830238290645
486,506,507,uczelnia,zawód,0.0,5.14,0.6145033985753373,30.00138678431219
487,507,508,książka,temat,0.0,5.71,0.5311477199809438,31.895358429282137
488,508,509,wzór,równanie,7.14,8.57,0.615465305268822,28.88817353657533
489,509,510,książka,informacja,0.29,5.29,0.5017481053954514,30.09450006381973
490,510,511,chłopak,partner,7.14,8.71,0.2974209410977177,29.44155101228682
491,511,512,niebo,wszechświat,1.71,4.71,0.6219467837537185,27.683029814306543
492,513,514,uczelnia,klasa,1.14,4.43,0.4587833382700121,35.75480398645007
493,514,515,szef,major,1.71,4.14,0.5489603994697885,38.87184144704622
494,515,516,rabin,pastor,2.71,7.0,0.6619621208278345,22.835959185834522
495,516,517,metr,cal,1.71,8.43,0.22962724428437453,60.15410873313195
496,517,518,poliester,bawełna,1.0,6.86,0.736887804143458,17.169953905713754
497,518,519,prawnik,bankier,0.71,4.71,0.5983878642029926,24.914285307559357
498,519,520,skrzypce,instrument,4.29,8.57,0.5648633739588199,23.28004311084167
499,520,521,obóz,chatka,0.57,3.14,0.4665880295674748,40.578393972874586
500,521,522,garnek,urządzenie,0.71,2.57,0.3851249038770285,32.058890042237906
501,522,523,len,tkanina,3.57,6.29,0.6091778798046058,29.07130579939396
502,523,524,whisky,szampan,1.29,7.43,0.6271247497930823,19.52350610820836
503,524,525,dziewczynka,dziecko,4.57,8.0,0.8443619540161375,15.833332862296334
504,525,526,chatka,domek,8.0,8.86,0.8316570011347627,18.531191971729452
505,526,527,ptak,kura,3.57,8.43,0.6145375196610824,30.695204757068087
506,527,528,rakieta,hałas,0.0,6.43,0.29940455177099845,34.827439037232494
507,528,529,zachód,wieczór,3.57,7.86,0.3408928007567234,31.393112034597145
508,529,530,mżawka,deszcz,6.57,9.14,0.8183452823252313,18.115464173845602
509,530,531,dorosły,niemowlę,1.14,6.86,0.736956558917171,17.05698981666566
510,531,532,grafit,węgiel,5.0,8.29,0.4526539862967663,29.64314894446409
511,532,533,ciało,kręgosłup,0.57,7.0,0.6462325151820553,28.237829207163017
512,533,534,głowa,paznokieć,0.29,5.0,0.6092672432033435,27.16675547749713
513,534,535,drewno,kloc,2.14,6.71,0.5465597451304212,28.1805897455195
514,535,536,łyżeczka,filiżanka,0.29,7.43,0.8039916699745808,13.865972051341082
515,536,537,ciało,nerw,0.43,6.86,0.45790805962638875,37.38104918086595
516,537,538,mężczyzna,mąż,4.71,8.43,0.41478399840177405,40.599161871802096
517,538,539,kość,kark,0.29,4.43,0.4584524955228839,44.35521259927268
518,539,540,frustracja,złość,5.0,7.71,0.7664981075131326,21.11378982681082
519,540,541,rzeka,morze,1.29,6.43,0.7614617594374172,26.628605249152685
520,541,542,zadanie,praca,3.57,6.57,0.7677145688909602,27.256359461805676
521,542,543,klub,stowarzyszenie,6.0,7.57,0.5237917550086838,38.840931322075846
522,543,544,odzwierciedlenie,obraz,5.86,7.57,0.6254030858584864,29.281059214226488
523,544,545,książę,król,4.0,8.71,0.6764063053255087,26.584772827747766
524,545,546,śnieg,pogoda,1.14,6.57,0.5976734928856523,32.12974148036584
525,547,548,chłopiec,brat,2.86,7.0,0.5947532660253729,26.463246999801726
526,548,549,korzeń,trawa,0.14,6.71,0.6739016822841443,26.474352787267414
527,549,550,brew,oko,0.29,6.71,0.5867906979839337,44.50919976895449
528,550,551,pieniądz,perła,0.43,3.57,0.2022749533440702,34.67404557000671
529,551,552,pieniądz,diament,0.43,4.43,0.46067118282239633,27.87410384802561
530,552,553,pojazd,autobus,5.29,8.29,0.6889734861203718,27.760631980819547
531,553,554,taksówka,autobus,1.43,6.71,0.8039665148352344,15.841216123033451
532,554,555,dom,stodoła,1.43,4.29,0.6998321561653083,40.497792047554654
533,555,556,palec,dłoń,1.14,7.86,0.8690501770250347,22.391742089548284
534,556,557,samochód,most,0.0,3.86,0.42143375523612076,39.86258380565154
535,557,558,wysiłek,trudność,2.86,6.86,0.7323047675015706,24.636384410803323
536,558,559,fakt,spostrzeżenie,3.57,6.0,0.661175464760324,28.26454391601693
537,559,560,praca,zarządzanie,2.86,5.86,0.7306538148245063,27.607102911702054
538,561,562,słowo,gazeta,0.71,5.57,0.28031650946452175,37.88949957046016
539,562,563,kompozytor,pisarz,1.43,6.57,0.6924677793780876,23.07197069052984
540,563,564,aktor,piosenkarz,1.57,6.29,0.7907496428062596,21.855237735025625
541,564,565,schronienie,szałas,5.43,7.14,0.5920242153500055,22.572559895977054
542,565,566,łazienka,kuchnia,0.71,7.14,0.8060821033326959,16.892346488427503
543,566,567,chata,domek,6.57,8.43,0.7802886569554999,21.108776426960848
544,567,568,drzwi,kuchnia,0.29,6.0,0.5024893446235592,35.37589424478467
545,568,569,wartość,wiara,0.86,4.43,0.4798205120868925,37.8030471692609
546,569,570,mądrość,inteligencja,5.0,8.14,0.7202317633806915,19.773671575514093
547,570,571,ignorancja,inteligencja,0.57,4.29,0.7944776252722103,14.310481091801211
548,571,572,szczęście,traf,6.0,7.43,0.4739343549333021,24.971875476482616
549,572,573,pomysł,plan,4.43,6.71,0.6523190801655252,35.870297391953336
550,573,574,nastrój,emocja,4.0,7.86,0.7189309170609699,25.62396781885169
551,574,575,szczęście,spokój,2.14,6.14,0.7116265658316528,20.09035173040365
552,575,576,rozpacz,niedola,3.43,6.71,0.7831584768537592,15.64124846246863
553,576,577,logika,arytmetyka,2.0,6.29,0.8232241043109074,16.76784876988077
554,577,578,zaprzeczenie,spowiedż,0.43,1.71,0.7440653071381375,18.862319658145278
555,578,579,spór,krytyka,1.57,3.86,0.610429446407591,35.71854776199195
556,579,580,agresja,wrogość,4.71,7.86,0.8269595679993487,16.574768796490737
557,580,581,histeria,zamieszanie,3.0,4.86,0.7361570713123544,17.360213348177435
558,581,582,chemia,teoria,0.71,5.0,0.5372008496694576,30.833149266017042
559,582,583,rozprawa,werdykt,0.29,7.43,0.5693378134568414,23.823302672919684
560,583,584,komfort,bezpieczeństwo,3.0,6.86,0.6424426787819042,24.163494205281552
561,584,585,pewność,ego,2.14,4.71,0.3446732217998879,45.6640182309673
562,585,586,wzrok,percepcja,3.0,6.71,0.4401460762653068,34.25477808860004
563,586,587,era,dekada,2.86,6.71,0.6572096812058777,32.48662033100085
564,587,588,biografia,fikcja,0.86,6.29,0.5852154142652464,25.074465251525854
565,588,589,dyskusja,spór,5.29,7.14,0.7404776613922436,30.5829244591074
566,589,590,kod,symbol,3.43,5.71,0.2868794517786863,57.31226694052346
567,590,591,niebezpieczeństwo,choroba,0.43,4.71,0.6344926217649144,25.992509144579486
568,591,592,wypadek,katastrofa,6.86,8.14,0.7533448579211278,19.547843658380586
569,592,593,podróż,wycieczka,6.57,8.71,0.814755992186038,19.45867366882022
570,594,595,plotka,wiadomość,3.71,6.29,0.5840989189512537,24.109580450715335
571,595,596,ojciec,bóg,2.71,5.0,0.5005151133372131,51.31776773371149
572,596,597,akcja,przebieg,3.14,5.86,0.4944376374560473,39.492081618204956
573,597,598,gorączka,choroba,1.29,7.71,0.5562991665673874,28.292814205807353
574,598,599,lotnictwo,lot,0.0,8.71,0.5088361048233988,53.54151991353133
575,599,600,gra,akcja,1.43,5.86,0.493213040798526,57.03786914468332
576,600,601,cząsteczka,powietrze,0.29,5.29,0.7345986096830047,21.26655805771611
577,601,602,dom,państwo,1.29,1.71,0.2546661635298236,53.783561048671636
578,602,603,słowo,literatura,1.57,6.86,0.4941621655727846,30.296911941448364
579,603,604,dorosły,opiekun,3.0,4.29,0.5517975545167243,23.104185211670465
580,604,605,gazeta,informacja,1.57,8.0,0.40425523076097186,33.366811283549794
581,605,606,komunikacja,telewizja,0.86,6.43,0.5694883672638867,26.47996384752583
582,606,607,kuzyn,wuj,2.43,7.71,0.6763311640381378,23.582423516110232
583,607,608,autor,czytelnik,0.57,7.71,0.7159468410455349,22.434741570154312
584,608,609,facet,partner,5.29,7.57,0.26970820651760014,31.768545743777683
585,609,610,obszar,zakątek,4.0,5.43,0.6321195136392079,29.726399957393127
586,610,611,ballada,piosenka,5.57,8.14,0.8156723025799176,15.6337189305833
587,611,612,ściana,dekoracja,0.0,5.43,0.5554019749153996,28.893716532409368
588,612,613,słowo,strona,0.29,4.14,0.4362354986107664,33.89182779956992
589,613,614,pielęgniarka,naukowiec,1.0,2.57,0.518830147339514,24.368670461885063
590,614,615,polityk,prezydent,4.71,8.43,0.6991642409422631,23.5455511603198
591,615,616,prezydent,burmistrz,4.14,7.43,0.7565464444806443,21.0353756134756
592,616,617,książka,esej,3.0,5.71,0.7101698466242519,23.04559388035785
593,617,618,mężczyzna,wojownik,2.57,6.71,0.6375658180840134,19.313771494380774
594,618,619,artykuł,czasopismo,0.43,7.29,0.687373678431118,19.833541989773913
595,619,620,śniadanie,kolacja,0.86,8.57,0.9315003752222657,10.183441436430654
596,620,621,tłum,parada,1.86,5.43,0.45791809754191953,35.046534893426355
597,621,622,przejście,korytarz,5.0,7.29,0.6809541095531535,23.086216046819388
598,622,623,nauczyciel,rabin,2.14,5.57,0.2810041018474275,33.3372528942743
599,623,624,biodro,usta,0.57,4.0,0.36333914113028676,42.516914171297934
600,624,625,książka,artykuł,1.43,5.0,0.5985656528505152,24.95101937779761
601,626,627,kabina,budka,5.57,6.71,0.5585446771898623,27.79700309239319
602,627,628,córka,dzieciak,3.86,6.0,0.5057257315123763,26.195271610369343
603,628,629,kończyna,noga,6.14,9.14,0.6441991356434116,31.915196036560122
604,629,630,wątroba,płuco,1.14,7.14,0.7524276064549551,19.872733344499014
605,630,631,klasa,korytarz,0.43,5.0,0.2447840116918029,39.62445769164297
606,631,632,góra,grań,2.43,7.43,0.498718082061611,35.2482521545815
607,632,633,klatka,winda,1.0,5.29,0.5898168027768509,26.830525134941432
608,633,634,łóżko,kanapa,3.0,8.0,0.8007426260270225,19.704740910968887
609,634,635,ubranie,guzik,0.14,6.0,0.34121454275133034,33.39683296637308
610,635,636,ubranie,płaszcz,3.0,7.43,0.7702858954577736,19.4762303877921
611,636,637,nerka,organ,4.14,8.57,0.2805857418643889,46.91204381060925
612,637,638,jabłko,sos,0.0,2.86,0.5690853409385903,44.65470154375277
613,638,639,kurczak,stek,1.0,5.29,0.6301010910786303,24.102706979091195
614,639,640,samochód,szlauch,0.0,1.57,0.4652803624443335,24.79853714073889
615,640,641,tytoń,papieros,1.43,8.71,0.7916353230439938,17.87345909238282
616,641,642,student,profesor,1.0,8.57,0.5791617881460863,26.472656389100226
617,642,643,niemowlę,córka,2.57,6.29,0.4766907649381252,27.112118090348915
618,643,644,fajka,cygaro,1.71,8.14,0.814037979307506,17.313665641692403
619,644,645,mleko,sok,1.43,7.0,0.6819624495624045,34.23787945758163
620,645,646,pudełko,cygaro,0.0,5.43,0.5722252111180401,21.743494956071675
621,646,647,apartament,hotel,2.0,6.71,0.7685276617531461,24.672360537863927
622,647,648,filiżanka,rożek,0.0,0.86,0.5907539905528292,20.662466163187418
623,648,649,koń,wół,1.57,7.57,0.7624844928140299,34.41820165039146
624,649,650,gardło,nos,0.57,7.29,0.6247839547352889,40.31912595965616
625,650,651,kość,ząb,2.0,5.43,0.48463350077474604,53.12967513319077
626,651,652,kość,łokieć,0.57,6.43,0.5494271139859785,40.842069648589096
627,652,653,bekon,fasola,0.57,4.43,0.5897781246455098,19.806137408063847
628,653,654,kubek,słoik,2.43,5.0,0.7683522934663083,19.710473803819
629,654,655,dowód,fakt,4.29,7.29,0.7097914953612412,28.37015835495189
630,655,656,spotkanie,zobowiązanie,0.71,2.71,0.5169162943895975,29.77773856572431
631,656,657,urodziny,rok,0.86,5.14,0.4749952228760043,58.00729255386093
632,657,658,słowo,wskazówka,0.57,4.43,0.5150580359690617,29.399266493798464
633,658,659,autor,twórca,8.29,9.43,0.8127224091633763,18.701364067217796
634,659,660,atom,węgiel,1.86,7.29,0.4581488952945278,35.0779874794705
635,660,661,arcybiskup,biskup,4.86,9.0,0.9621102585019076,11.819208957374094
636,661,662,litera,akapit,1.29,5.57,0.5210753177742029,25.890815095797965
637,662,663,strona,akapit,1.71,6.43,0.37188100205273084,30.737640486615593
638,663,664,wieża,kaplica,1.14,4.14,0.7071321337756783,26.10469417978315
639,664,665,mięsień,kość,0.29,5.71,0.6709829549638465,36.2595489711104
640,665,666,mięsień,język,2.71,7.29,0.1887688567004185,45.59792402402558
641,666,667,chłopiec,żołnierz,1.29,4.57,0.6099145281737719,22.446500507484387
642,667,668,brzuch,podbrzusze,5.14,8.29,0.8408774275752986,14.787940790362766
643,668,669,chłopak,dziewczyna,1.71,8.29,0.8375259241463479,12.166776440181813
644,669,670,łóżko,krzesło,1.43,6.86,0.7715232278280055,20.921433359747276
645,670,671,ubranie,kurtka,3.29,8.14,0.8022589591309813,18.792181938490405
646,671,672,pistolet,nóż,0.86,5.57,0.670373475141453,39.90944849909284
647,672,673,puszka,metal,0.43,7.57,0.43099261040367187,34.414110748480994
648,673,674,butelka,pojemnik,3.0,6.71,0.7473258163749685,19.381765696882585
649,674,675,kura,indyk,2.14,7.71,0.7297083255904006,20.67690965197323
650,675,676,mięso,chleb,0.43,5.86,0.6574431632199302,27.813805124013506
651,676,677,ramię,kość,0.57,5.86,0.42208766499148376,46.68976107117865
652,677,678,szyja,kręgosłup,2.71,7.43,0.6490746391005455,25.188708589602523
653,678,679,jabłko,cytryna,1.71,7.43,0.7243391662627549,16.764080706333207
654,679,680,udręka,żal,2.71,5.86,0.6377896978940467,30.91107678165324
655,680,681,przydział,zadanie,3.43,6.14,0.6953782699782654,28.557236522787246
656,681,682,noc,świt,0.43,7.57,0.6143028105937667,41.97591333631348
657,682,683,obiad,zupa,2.29,7.43,0.6088135836985072,28.553818977730444
658,684,685,śnieg,burza,0.29,5.29,0.5331469947010087,32.86337593486445
659,685,686,paznokieć,dłoń,1.14,6.86,0.6244387782534667,35.412929752903324
660,686,687,pies,koń,0.86,7.57,0.6928492514020097,38.36352874564317
661,687,688,ramię,szyja,0.29,6.86,0.8187572005394461,20.718779609082457
662,688,689,piłka,rękawica,0.14,4.86,0.4349711537840662,42.57463002088402
663,689,690,grypa,gorączka,0.29,8.29,0.5669163919128538,27.484939022751806
664,690,691,opłata,pensja,2.14,4.86,0.619873027953285,33.87178357079076
665,691,692,nerw,mózg,0.86,8.14,0.6071254613368633,33.22193154920162
666,692,693,bestia,zwierzę,4.14,5.43,0.6785615869489428,22.529774022957383
667,693,694,obiad,kurczak,0.57,5.86,0.4630541806080698,27.44286675554699
668,694,695,dziewczyna,pokojówka,2.71,5.0,0.7887330285455787,13.651012947092395
669,695,696,dziecko,chłopiec,5.14,8.71,0.7628318133803849,18.995244906539032
670,696,697,alkohol,wino,4.0,9.14,0.5702051417831557,35.153810489273255
671,697,698,nos,usta,1.14,6.29,0.372770945380014,54.18154211721714
672,698,699,ulica,samochód,0.0,7.29,0.37889656770445207,43.197074701725924
673,699,700,dzwonek,drzwi,0.0,6.71,0.600584062332423,31.834443573799827
674,700,701,pudełko,kapelusz,0.0,3.43,0.5319588699461727,22.365450312872966
675,701,702,wiara,wrażenie,0.86,2.57,0.5355820842886274,33.29507511299895
676,702,703,uprzedzenie,opinia,2.43,6.57,0.6523628229573978,28.499929838190933
677,703,704,uwaga,świadomość,3.43,6.0,0.5763051192120303,33.44399692626178
678,704,705,złość,nastrój,2.86,6.57,0.5971504249418605,29.182490130933342
679,705,706,elegancja,styl,5.86,8.14,0.6756371894985829,28.923787911515134
680,706,707,piękno,wiek,0.14,2.57,0.3430735470591666,52.93449577030259
681,707,708,książka,motyw,0.0,3.0,0.4784385497945395,31.098168264246674
682,708,709,przyjaciółka,matka,1.43,5.0,0.7874645266958373,21.142501485274348
683,709,710,witamina,żelazo,1.29,5.0,0.4706894448032268,27.7404238581537
684,710,711,samochód,fabryka,0.0,6.71,0.5156586211878733,27.6290332087466
685,711,712,pakt,warunek,2.57,6.14,0.551240467636599,39.37227762887049
686,712,713,rozdział,wybór,0.0,0.57,0.45060078766823364,31.93270512133651
687,713,714,arytmetyka,rytm,0.0,0.14,0.3877459943909821,39.40124291805908
688,714,715,zwycięzca,obecność,0.0,0.0,0.3182441613740135,28.585240542711485
689,715,716,wiara,kwiat,0.0,0.43,0.23765048151379622,44.57804144920074
690,716,717,zwycięzca,cel,0.0,5.14,0.21287441592331022,66.90634805063455
691,717,718,sztuczka,rozmiar,0.0,0.0,0.46391718595407366,26.342038529116476
692,718,719,wybór,styl,0.0,1.43,0.25484800561290627,44.31403818262772
693,719,720,hymn,podbój,0.0,1.29,0.14125565522748273,44.86888164711422
694,720,721,wytrzymałość,zespół,0.0,0.0,0.25016606688939197,36.692125810966225
695,721,722,więzienie,wybór,0.0,1.29,0.3273091736934766,35.225862350971155
696,722,723,warunek,chłopiec,0.0,0.0,0.2834050965857683,37.30195106314564
697,723,724,kwiat,wytrzymałość,0.0,0.86,0.2052681603723331,39.15118203211155
698,725,726,doktor,usposobienie,0.0,0.29,0.39522922152027695,28.787414567005147
699,726,727,bractwo,drzwi,0.0,0.0,0.13122378410894478,45.540150370769055
700,727,728,zadanie,kobieta,0.0,1.29,0.43256288206175064,36.89875521081268
701,728,729,bractwo,baseball,0.0,0.43,0.08387380699771683,31.796723896025917
702,729,730,cent,rozmiar,0.0,0.43,0.3461308104156047,35.16994547261514
703,730,731,obecność,drzwi,0.0,0.14,0.17676099792768646,43.847587612966755
704,731,732,mysz,zarząd,0.0,0.0,-0.08425338295675315,51.669805316091136
705,732,733,zadanie,autostrada,0.0,0.0,0.4851480311715117,35.01762850688349
706,733,734,trunek,wiek,0.0,1.86,0.38123807155889416,51.831611922692765
707,734,735,zadanie,słoma,0.0,0.0,0.09178854981512664,47.408421270184306
708,735,736,wyspa,zadanie,0.0,0.0,0.2736350513781199,46.276255702661935
709,736,737,noc,rozdział,0.0,0.0,-0.0004831310788071824,59.680057730986555
710,737,738,zanieczyszczenie,prezydent,0.0,0.14,0.3038016312210916,36.45306816360139
711,738,739,pistolet,sztuczka,0.0,0.71,0.5478602436585494,22.170772770515768
712,739,740,kąpiel,sztuczka,0.0,0.14,0.4498247989581016,28.399134074622033
713,740,741,dieta,jabłko,0.57,3.86,0.35197297224448715,36.58065404626451
714,741,742,cent,żona,0.0,0.0,0.10070978556693017,45.21250179411166
715,742,743,rozdział,opowieść,1.86,5.43,0.45636213178347784,29.671758105166955
716,743,744,danie,żołądek,0.14,4.86,0.42953758704910155,35.84929231495853
717,744,745,hymn,słoma,0.0,0.0,0.034937715073465166,47.67275831689859
718,745,746,dentysta,pułkownik,0.14,1.86,0.44381851945657336,20.75091798231059
719,746,747,żona,słoma,0.0,0.0,0.17442913278002034,40.95781947541225
720,747,748,dziura,żona,0.0,0.0,0.0579163125756177,42.34873319530602
721,748,749,uczeń,prezydent,0.14,0.29,0.21990296846367938,45.10356983655975
722,749,750,kąpiel,żona,0.0,0.43,0.31117558929683947,37.45548839570793
723,751,752,wzór,logarytm,1.86,5.29,0.5656894609608151,29.006089979631135
724,752,753,kobieta,futro,0.0,2.71,0.388686451648301,28.447330574135016
725,753,754,jabłko,słońce,0.0,2.0,0.45078758140729824,29.47413265028554
726,754,755,pistolet,świt,0.0,0.86,0.07356631651847372,36.14593869131956
727,755,756,posiłek,talia,0.0,1.57,0.372271708533853,33.95591847990048
728,756,757,aparat,prezydent,0.0,0.29,0.1568731146824742,39.543405824896865
729,757,758,trunek,grupa,0.0,0.0,0.3663786550887194,37.41270335636535
730,758,759,żołądek,żyła,0.29,2.0,0.5982229357262053,25.15999956601721
731,759,760,pistolet,futro,0.0,0.0,0.32476521602788555,28.338505434861073
732,760,761,trener,baseball,0.14,5.86,0.26920324899843434,38.6940090761802
733,761,762,robotnik,kamera,0.0,0.29,0.33971216295595014,31.60956681574936
734,762,763,pokład,mysz,0.0,1.43,0.220530732644192,36.52743729606478
735,763,764,ryż,chłopiec,0.0,0.14,0.21665980785527048,43.862637266779004
736,765,766,klif,ogon,0.0,0.0,0.3163238472075206,38.93933490781621
737,767,768,księżniczka,wyspa,0.0,0.0,0.4039581413806662,34.17577072029214
738,768,769,pojemnik,mysz,0.0,0.14,0.3028682922476751,34.01776068135945
739,769,770,wóz,kontener,0.57,2.29,0.4069633515994023,52.50284947478369
740,772,773,kąpiel,balon,0.0,0.0,0.4179872069621154,31.947793256476185
741,773,774,żołądek,sypialnia,0.0,0.0,0.36897599446592183,25.546549705152888
742,774,775,rower,sypialnia,0.0,0.14,0.3771880940428481,30.92378346606808
743,775,776,kloc,kąpiel,0.0,0.0,0.18818592570411993,34.5414575335135
744,776,777,miska,ogon,0.0,0.57,0.45319027818564805,35.86969392569208
745,777,778,iść,przyjść,5.29,8.57,0.6536754557157157,37.72277008348061
746,778,779,wziąć,ukraść,3.43,6.86,0.5363718892759454,31.65635259247626
747,779,780,słuchać,słyszeć,6.43,9.0,0.8512054073717942,15.779038645995762
748,780,781,myśleć,racjonalizować,4.0,7.57,0.6267881878097642,23.819463268351495
749,781,782,wystąpić,nastąpić,3.57,6.14,0.7755460390744694,20.40746820776293
750,782,783,zanikać,znikać,7.14,8.71,0.9112975925758455,16.045275156941063
751,783,784,mnożyć,dzielić,1.29,7.0,0.7948389429867267,19.94639486720217
752,784,785,nalegać,błagać,5.43,7.29,0.7500046598265154,19.083906910572523
753,785,786,zacząć,zapoczątkować,8.14,9.0,0.6396587801996164,24.1982611399814
754,786,787,chronić,bronić,7.0,8.57,0.8179204490353996,20.449142981322645
755,787,788,zabić,zniszczyć,4.0,6.71,0.795569453314688,20.60604918627125
756,788,789,stworzyć,zrobić,7.43,8.43,0.6072929128603987,27.75694511700649
757,789,790,akceptować,odrzucić,1.0,7.0,0.8005834977845971,18.40186185028747
758,790,791,ignorować,unikać,4.86,5.71,0.9050084469158541,15.175218840866412
759,791,792,nieść,przynieść,5.71,7.86,0.8678412689523942,21.26216536104576
760,792,793,wyjść,wejść,1.0,6.86,0.8178833982968888,21.81987802384619
761,793,794,decydować,wybrać,5.43,7.71,0.8050670829667412,20.864788109473864
762,794,795,przegrać,zawieść,3.0,6.0,0.7659698323522779,20.873606478279047
763,795,796,zachęcić,zniechęcić,0.57,7.0,0.8770074859015929,14.331812337792453
764,796,797,osiągnąć,spełnić,3.86,6.86,0.7351478792982545,24.49567143512441
765,797,798,stworzyć,skonstruować,7.43,8.43,0.8840256435847078,15.225317900575313
766,798,799,słuchać,przestrzegać,2.57,4.57,0.5852363591377994,27.604283100879414
767,799,800,poinformować,zawiadomić,9.0,9.57,0.894550127733029,12.707762958672033
768,800,801,otrzymywać,dać,1.0,6.57,0.652950374312227,46.8983590224637
769,801,802,pożyczyć,błagać,0.86,2.86,0.5875765538825783,23.855921197791965
770,802,803,wziąć,otrzymać,2.43,5.86,0.60638247597008,30.845503858944806
771,803,804,poradzić,polecić,5.57,7.57,0.8013379967804428,18.949207426797432
772,804,805,imitować,portretować,1.57,4.57,0.8645870539636019,15.206929668444653
773,805,806,zwyciężyć,osiągnąć,3.57,6.14,0.6239524939100889,24.90600160021839
774,806,807,myśleć,decydować,1.86,5.29,0.661101951578856,24.666935181467885
775,807,808,przywitać,spotkać,1.0,4.86,0.8273841776057234,18.843907012205324
776,808,809,uzgadniać,dyskutować,3.29,6.14,0.81547317784068,16.65000939141424
777,809,810,lubić,bawić,0.0,3.57,0.7730576307870208,23.286145164608868
778,810,811,niszczyć,robić,0.71,4.86,0.7158788562108125,26.00265152749165
779,811,812,ratować,chronić,5.29,7.57,0.8313195536238931,20.391556319286476
780,812,813,dawać,pożyczać,3.0,6.0,0.7725734811788384,28.215556625570123
781,813,814,pojmować,rozumieć,6.86,8.86,0.876828210065048,18.422481534633086
782,814,815,brać,otrzymywać,3.29,6.29,0.7114241268877122,39.44381121988365
783,815,816,akceptować,uznawać,7.14,8.57,0.890178253076389,16.762532333681875
784,816,817,decydować,wybierać,5.14,7.14,0.8527581753582819,16.731479211751072
785,817,818,akceptować,wierzyć,0.14,2.71,0.8235933630596348,17.780768822273416
786,818,819,trzymać,posiadać,4.86,6.71,0.742997802464467,24.74095751731622
787,819,820,wędrować,błądzić,3.57,6.0,0.8238905034044204,17.939986720910444
788,820,821,wygrywać,przegrywać,1.0,6.71,0.9516066344089787,9.20881646722368
789,821,822,wydawać,oszczędzać,1.0,6.71,0.7719426621157051,22.1659553994913
790,822,823,wyjść,pójść,2.57,6.0,0.8498809486112343,19.029055652410104
791,823,824,przyjść,uczestniczyć,1.71,4.43,0.6052023366498608,25.883496017979777
792,824,825,wiedzieć,wierzyć,1.71,6.0,0.8816981388117437,14.474613228909089
793,825,826,gromadzić,spotykać,2.57,3.0,0.7827588164038074,19.947251990744025
794,826,827,robić,zarobić,0.71,3.57,0.799097138270873,22.035749036877483
795,827,828,zapominać,ignorować,0.71,2.43,0.8897406619279388,13.020217313387015
796,828,829,mnożyć,dodawać,0.86,6.71,0.7272494925632744,22.51866791737431
797,829,830,maleć,rosnąć,0.86,6.71,0.8695553876431658,18.845672019539204
798,830,831,przyjeżdżać,wyjeżdżać,1.0,6.71,0.9456884328954974,8.68434082963732
799,831,832,osiągnąć,próbować,0.71,5.57,0.5342797317441297,30.048489738934585
800,832,833,akceptować,zaprzeczać,0.86,5.14,0.8817826472220408,14.514709011256173
801,833,834,przybywać,przyjeżdżać,7.86,8.86,0.8969873582895179,15.763660250949744
802,834,835,uzgadniać,różnić,0.71,5.71,0.7049295739431258,27.541794565970704
803,835,836,wysyłać,otrzymywać,0.71,5.29,0.8259721300450027,19.26772435318219
804,836,837,zwyciężać,dominować,3.14,6.14,0.7740355174775806,22.14328075171268
805,837,838,dodawać,dzielić,0.71,6.29,0.7797167263461051,21.525703433159947
806,838,839,zabić,udusić,5.14,7.71,0.8736699854350679,16.966244706691135
807,839,840,nabyć,dostać,2.71,6.14,0.7422786797017028,26.371922009822153
808,840,841,uczestniczyć,dołączyć,2.14,5.0,0.7044256091614152,21.467258777205927
809,841,842,odejść,pozostać,0.86,6.57,0.733799710861303,21.891690488854668
810,842,843,iść,wejść,2.14,5.86,0.6658727024085528,37.268411351759
811,843,844,wziąć,nieść,0.86,4.71,0.6734364547316213,31.755461007611622
812,844,845,zapomnieć,poznawać,0.57,5.0,0.7599376410389368,22.788809599952035
813,845,846,mianować,wybrać,4.14,6.57,0.7959714517265756,21.827907416129747
814,846,847,zaręczyć,poślubić,3.43,7.57,0.7974151552762309,15.32051922641142
815,847,848,prosić,nalegać,6.86,8.43,0.7878731312476582,20.041102572467633
816,848,849,iść,posyłać,0.43,3.71,0.661975953286352,37.65896778610832
817,849,850,wziąć,dostarczać,0.57,4.43,0.48829278787577485,35.12925998682329
818,850,851,mówić,słyszeć,0.29,6.86,0.761999210732993,21.6848024945783
819,851,852,analizować,oceniać,3.14,5.14,0.8634220918443268,18.067031284436492
820,852,853,argumentować,racjonalizować,4.0,5.0,0.8961879821332348,12.303348223355952
821,853,854,stracić,zatrzymać,0.71,5.29,0.780948469833851,19.943919549025086
822,854,855,porównywać,analizować,5.86,7.86,0.8711193313874941,16.23579677863834
823,855,856,dezorganizować,organizować,0.86,6.86,0.90710592789388,14.366459409354444
824,856,857,iść,pozwalać,0.29,1.43,0.30960713408222895,50.424847857967606
825,857,858,wziąć,posiąść,5.14,6.43,0.6229127635425717,28.426889110495207
826,858,859,poznawać,słuchać,1.14,3.71,0.699127999921508,25.522826062572733
827,859,860,burzyć,budować,0.71,6.43,0.771250519565704,26.480989207902432
828,860,861,tworzyć,budować,5.86,8.14,0.8958920417595113,18.61410530904274
829,861,862,kraść,kupować,0.57,5.86,0.6394217032027395,29.229029228281735
830,862,863,zabić,powiesić,4.86,6.86,0.7472547973922757,22.58890861819121
831,863,864,zapomnieć,wiedzieć,0.57,5.57,0.8842980358910962,12.899019291852966
832,864,865,tworzyć,wymyślać,5.86,7.71,0.7179280510876622,24.297593881214123
833,865,866,zrobić,nastąpić,1.57,1.86,0.5647261168719813,28.435631770771916
834,866,867,wygrać,osiągnąć,4.29,6.29,0.619765020858624,30.023491680608537
835,867,868,dawać,odmawiać,0.57,5.43,0.7558945335494899,29.299932715743324
836,868,869,zasłużyć,zarobić,2.57,4.29,0.6502841231115343,23.757560743226502
837,869,870,dostawać,wkładać,0.14,1.71,0.8147866069422146,20.22288940082554
838,870,871,zlokalizować,znaleźć,8.14,9.29,0.702116931652158,22.32202581800516
839,871,872,zawitać,przyjść,6.14,7.57,0.8272060404887255,17.419037226868973
840,872,873,wiedzieć,rozumieć,5.57,7.14,0.8684143599629998,14.19819642596573
841,873,874,udawać,wyobrażać,1.71,4.14,0.830146962117507,18.144412668245074
842,874,875,satysfakcjonować,zadowalać,8.86,9.57,0.9182451634656642,11.276148129698633
843,875,876,hołubić,trzymać,2.43,4.43,0.7114707843116282,24.88676040898755
844,876,877,dyskutować,różnić,1.57,4.86,0.6985227798513072,27.792024981628796
845,877,878,przezwyciężyć,zdominować,1.86,4.0,0.8355774127901608,16.371354135224138
846,878,879,postępować,przestrzegać,1.0,4.0,0.9035101067754517,14.17095287828152
847,879,880,współpracować,uczestniczyć,2.0,5.0,0.7980026120345529,17.94480864902588
848,880,881,osiągać,próbować,1.29,4.43,0.5231787698255869,32.56112201838524
849,881,882,przegrać,zniechęcić,1.0,4.57,0.6326021242165194,25.671391247245616
850,882,883,zacząć,porzucić,0.43,5.71,0.6498402953913063,24.114980803368038
851,883,884,mówić,uczestniczyć,0.86,3.43,0.5494426022113166,29.62002812195934
852,884,885,przyjść,przynieść,0.71,3.57,0.8379799539050333,17.27611600266368
853,885,886,deklarować,ogłaszać,6.71,8.0,0.8191607562416625,16.741985378517146
854,886,887,czytać,rozumieć,0.29,4.29,0.7565213081745497,22.32030395090089
855,887,888,wziąć,opuścić,0.29,3.57,0.6507806145157897,28.243739969885485
856,888,889,obwieszczać,ogłaszać,9.29,9.71,0.8676333689024506,13.57337160083227
857,889,890,zdobyć,otrzymać,3.29,5.71,0.7558167872609262,23.295972968626373
858,890,891,wywnioskować,decydować,1.86,4.43,0.8528711945211951,16.67193901079273
859,891,892,prosić,błagać,7.57,8.57,0.7031272153289431,23.34218986473568
860,892,893,argumentować,udowadniać,7.29,8.29,0.8942923012945616,11.479960369743273
861,893,894,prosić,apelować,7.0,8.29,0.7951286578585169,20.579478600270974
862,894,895,znaleźć,zniknąć,0.29,5.0,0.7654210952736511,20.27334304487542
863,895,896,sprawdzać,badać,5.29,7.43,0.8265185717238969,26.475710656241656
864,896,897,weryfikować,uzasadniać,2.71,6.0,0.8360957349884671,16.377001280045896
865,897,898,zakładać,przewidywać,6.14,7.29,0.9049080348918604,13.286968324298972
866,898,899,poznawać,oceniać,1.29,4.43,0.7496013450824519,24.899640317051286
867,899,900,argumentować,uzasadniać,8.86,9.57,0.9070481646929073,11.829823897135878
868,900,901,zrobić,zostać,0.29,0.29,0.46406729843519157,33.82378641323418
869,901,902,odkrywać,pochodzić,0.0,0.57,0.7569483081695789,22.73262368223977
870,902,903,zwyciężyć,dokonać,3.14,6.43,0.5166679340717752,30.188293355108176
871,903,904,dać,położyć,0.71,3.43,0.4698034427779158,53.8833935118373
872,904,905,rozumieć,słuchać,0.57,4.43,0.6982660122059005,22.488532610245624
873,905,906,rozwijać,rosnąć,3.14,5.14,0.7156407334018358,27.75791482952792
874,906,907,pożyczać,sprzedawać,1.43,4.29,0.8516423511305902,16.77463507200411
875,907,908,trzymać,chronić,1.71,3.71,0.7482110466489083,24.454442433172023
876,908,909,wyjaśniać,udowadniać,5.43,6.86,0.8149930691163503,16.352952362165247
877,909,910,założyć,udawać,0.0,2.57,0.6051156147396982,27.09229281962641
878,910,911,zgadzać,zadowalać,0.0,0.86,0.854554842922872,15.69822464665619
879,911,912,wybaczyć,zapomnieć,3.14,4.57,0.8918564791025737,11.76408351493647
880,912,913,wyjaśniać,tłumaczyć,9.29,9.71,0.9307107841999344,10.441695741952811
881,913,914,zrozumieć,wybaczyć,1.14,4.29,0.8520863357036652,14.187559449821206
882,914,915,przypomnieć,zapomnieć,1.0,7.0,0.900599914211861,11.31131046947899
883,915,916,dostać,pozostać,0.0,0.86,0.7855785252259719,23.177817230177787
884,916,917,zrozumieć,odkryć,1.71,3.86,0.6063684519688973,25.364224841612685
885,917,918,wymagać,dociekać,0.0,1.71,0.6984510317897553,26.64920845387823
886,918,919,ignorować,pytać,0.14,2.0,0.698690951407356,25.02130181967475
887,919,920,myśleć,pytać,0.57,3.86,0.7641136380209185,22.253896677817774
888,920,921,odrzucać,unikać,1.29,4.57,0.8494848125652582,18.40091163343819
889,921,922,argumentować,przekonywać,7.29,8.57,0.9327570110544594,10.625692349441945
890,922,923,dążyć,przekonywać,2.0,3.86,0.7437808763375743,26.7227173844255
891,923,924,akceptować,wybaczać,1.86,4.71,0.8373479984420253,16.198904858990385
892,924,925,robić,rezygnować,0.0,0.86,0.708988735628146,25.891048607770465
893,925,926,przebadać,zbadać,7.43,8.0,0.9179438621868485,14.441495189523176
894,926,927,dyskutować,wyjaśniać,1.71,5.0,0.7630461143268141,19.302545606834638
895,927,928,zawdzięczać,pożyczać,1.14,2.86,0.7545105574926423,20.3704935498063
896,928,929,poszukiwać,odkrywać,2.43,6.71,0.8643843250160002,17.11817421108397
897,929,930,narzekać,kwestionować,1.57,4.0,0.7275775474713988,19.952864957358244
898,930,931,wycofywać,odrzucać,1.43,3.43,0.8486770534964997,15.917848803952404
899,931,932,trzymać,pożyczać,0.0,1.86,0.7672395384037045,22.546221683388683
900,932,933,upraszać,błagać,7.43,9.57,0.683347555407898,20.8667922405606
901,933,934,aranżować,organizować,5.14,6.43,0.7450912768797475,21.76710529437922
902,934,935,zmniejszyć,kurczyć,7.43,8.57,0.7606081649951982,20.086035625933107
903,935,936,mówić,przyznawać,2.71,4.29,0.8104774923126304,19.874382749539475
904,936,937,dać,pożyczyć,3.71,6.29,0.6615270089854229,47.72652151948426
905,937,938,zabijać,bronić,0.0,4.57,0.7704216194291795,21.679152776270364
906,938,939,znikać,maleć,4.71,6.0,0.7474631803013456,24.408675198403948
907,939,940,dostarczyć,przynieść,7.14,8.14,0.8178677975595884,18.255035969687903
908,940,941,oddychać,dławić,0.43,5.43,0.817155129768008,18.69090721998844
909,941,942,uznawać,powiadamiać,0.0,1.14,0.7579432173332916,23.574872716291534
910,942,943,zostawać,wyglądać,0.0,0.29,0.6531327916671357,24.998639388832704
911,943,944,udawać,wyglądać,0.43,2.0,0.790501950246696,20.63606000410171
912,944,945,osiągać,zostawać,2.29,2.0,0.6474176890291802,27.51420456013875
913,945,946,kontemplować,myśleć,6.71,7.86,0.6192092256158236,22.75823728460552
914,946,947,określić,przewidzieć,2.57,5.0,0.8407427154407553,17.950210202783254
915,947,948,dogadzać,zabawiać,3.29,4.57,0.8536011972519884,15.108951224017835
916,948,949,pozostawać,utrzymywać,1.71,3.14,0.8939834681149531,14.34383110675722
917,949,950,udawać,grać,5.14,5.0,0.5934238628258458,42.84372323102911
918,950,951,zapominać,utrzymywać,0.0,0.29,0.8339674068970664,17.127337543813955
919,951,952,chcieć,wybierać,1.14,3.86,0.52757486097398,28.380674903517782
920,952,953,stracić,dostać,0.86,6.0,0.7504000922351881,24.87009031808624
921,953,954,próbować,myśleć,0.0,3.71,0.6721550414672162,23.79749712039453
922,954,955,zostawać,pojawiać,0.0,1.86,0.7043818471855052,25.732045249180405
923,955,956,opuścić,zignorować,3.14,3.57,0.738729824978155,20.32853446344309
924,956,957,akceptować,rekomendować,1.57,3.0,0.8631967716199441,14.653214801579834
925,957,958,opuścić,wędrować,0.57,2.43,0.7495237567631542,21.720070169278873
926,958,959,zachować,oddać,0.86,4.71,0.7383634754507736,29.281264361030004
927,959,960,dawać,pozwalać,1.86,3.57,0.7458673954133794,29.3698693160335
928,960,961,przynosić,wysyłać,0.86,4.14,0.7276860993799551,24.069691122240457
929,961,962,chłonąć,poznawać,5.71,6.43,0.681851209797995,25.876880075520543
930,962,963,zdobyć,znaleźć,2.29,4.29,0.7139373644338487,24.408782176584147
931,963,964,opuścić,wyglądać,0.0,0.0,0.6196891022726344,26.75895891204215
932,964,965,tworzyć,niszczyć,0.71,6.71,0.7264448370083333,24.56632282163265
933,965,966,zaczynać,iść,0.0,0.29,0.5383809883146059,41.94482632639054
934,966,967,dostać,kupić,2.86,4.43,0.7712048788155079,25.876201890465165
935,967,968,zbierać,odkładać,5.86,7.29,0.8593884494075819,16.766468520859007
936,968,969,zastępować,przywrócić,0.43,2.43,0.8396070262076545,17.434467643880698
937,969,970,dołączać,dodawać,6.57,7.86,0.7747047967082967,20.50459534297246
938,970,971,połączyć,poślubić,3.71,6.0,0.5160589964880162,28.799425873785847
939,971,972,przyjmować,dostarczać,0.43,4.14,0.8876024519095149,15.950637538129564
940,972,973,przyłączać,dołączać,8.43,9.29,0.8827035589114445,13.922273581703063
941,973,974,położyć,powiesić,0.71,4.43,0.7181681912437375,23.541947256552888
942,974,975,iść,sprzedawać,0.0,0.14,0.42425190540016494,46.11004757925596
943,975,976,komunikować,modlić,0.29,1.0,0.5493911502905352,28.802354205639478
944,976,977,dawać,kraść,0.57,2.71,0.4443387016095964,41.03451714217376
945,977,978,dodawać,budować,0.43,2.14,0.6997643447317423,29.837525370964293
946,978,979,przynieść,odtworzyć,0.0,0.71,0.7171840677547421,22.45337608512981
947,979,980,zrozumieć,zaspokoić,0.0,1.57,0.7124231556857086,22.16537894103789
948,980,981,przedstawiać,decydować,0.0,0.29,0.8002174508224162,19.619925238672238
949,981,982,organizować,zostawać,0.0,0.0,0.5844552967500858,27.798496303691387
950,982,983,dawać,wiedzieć,0.0,0.0,0.6945450588748808,31.865791577077214
951,983,984,mówić,weryfikować,0.0,0.86,0.6614617281085927,25.99071226247904
952,984,985,współpracować,dołączyć,0.0,2.57,0.752343673332981,19.615933706510457
953,985,986,organizować,wymagać,0.43,2.14,0.6102091490765654,30.901737066802163
954,986,987,pożyczyć,chcieć,0.0,1.43,0.5520772725019947,26.16787501374871
955,987,988,badać,dążyć,0.57,3.0,0.5348669576641177,41.13621508296337
956,988,989,ignorować,odkrywać,0.0,2.57,0.8157790939862177,19.69656379154075
957,989,990,wnosić,narzekać,0.0,0.29,0.6942264531177659,23.540905267420367
958,990,991,wchodzić,zawdzięczać,0.0,0.0,0.7011863538740729,22.08651685916261
959,991,992,przedstawiać,zawiadamiać,2.71,4.86,0.77992366006749,19.114321396328194
960,992,993,przypominać,sprzedawać,0.0,0.0,0.727880471520444,21.702500422513054
961,993,994,wchłaniać,posiadać,0.0,2.0,0.7127113940875596,24.65036821163495
962,994,995,dołączyć,zdobyć,0.43,2.29,0.6578709454265226,25.897191731250203
963,995,996,wysyłać,uczestniczyć,0.0,0.86,0.5607019902611508,29.53063177882053
964,996,997,zbierać,uczestniczyć,0.0,0.71,0.6172061670464701,26.95728207329756
965,997,998,pochłonąć,wycofać,0.0,0.57,0.720902081260897,21.570203783116987
966,998,999,uczestniczyć,przybyć,0.57,3.43,0.727094592080031,22.19852922903968
