,index,id,word1,word2,similarity,relatedness,wu_palmer,leacon
0,1,2,bystry,inteligentny,8.86,9.71,0.6,2.9267394020670396
1,2,3,ciężki,trudny,4.86,7.29,0.2222222222222222,2.2335922215070942
2,3,4,szczęśliwy,radosny,8.14,8.86,0.2,2.0794415416798357
3,4,5,łatwy,męczący,0.43,6.43,0.2,2.0794415416798357
4,5,6,szybki,gwałtowny,3.71,7.0,0.25,2.4159137783010487
5,6,7,szczęśliwy,zadowolony,6.29,8.14,0.2222222222222222,2.2335922215070942
6,7,8,krótki,długi,0.43,7.43,0.3333333333333333,2.9267394020670396
7,8,9,głupi,tępy,7.57,9.14,0.2222222222222222,2.2335922215070942
8,9,10,dziwny,niesamowity,4.57,6.14,0.4444444444444444,2.9267394020670396
9,10,11,szeroki,wąski,0.43,7.43,0.2857142857142857,2.639057329615259
10,12,13,łatwy,uciążliwy,0.14,4.43,0.2,2.2335922215070942
11,14,15,skomplikowany,prosty,0.14,6.14,0.2,2.0794415416798357
12,15,16,bystry,tępy,0.14,6.43,0.2222222222222222,2.2335922215070942
13,17,18,szczęśliwy,wściekły,0.14,5.29,0.18181818181818182,1.9459101490553135
14,18,19,wielki,olbrzymi,9.14,9.57,0.3333333333333333,2.9267394020670396
15,19,20,twardy,ciężki,1.86,5.57,0.2857142857142857,2.639057329615259
16,20,21,nowy,świeży,6.43,8.57,0.2,2.0794415416798357
17,21,22,ostry,tępy,0.43,7.43,0.2222222222222222,2.2335922215070942
18,22,23,prędki,gwałtowny,4.29,6.43,0.2222222222222222,2.2335922215070942
19,23,24,tępy,głupawy,8.29,8.71,0.2857142857142857,2.639057329615259
20,24,25,cudowny,wspaniały,9.14,9.86,0.2,2.4159137783010487
21,25,26,dziwaczny,osobliwy,8.29,8.71,0.6666666666666666,3.332204510175204
22,27,28,wąski,rozległy,0.43,6.86,0.25,2.4159137783010487
23,28,29,prosty,łatwy,8.86,9.0,0.2,2.0794415416798357
24,30,31,widoczny,oczywisty,7.0,7.29,0.2,2.0794415416798357
25,31,32,niedrogi,tani,8.71,9.43,0.25,2.4159137783010487
26,32,33,miły,wielkoduszny,3.0,5.14,0.14285714285714285,1.6274564179367788
27,33,34,dziwny,normalny,0.43,7.43,0.2222222222222222,2.2335922215070942
28,34,35,dziwny,osobliwy,8.71,8.86,0.75,4.02535169073515
29,36,37,smutny,zabawny,0.43,5.57,0.3333333333333333,2.9267394020670396
30,38,39,winny,zawstydzony,0.57,4.43,0.16666666666666666,1.8281271133989299
31,39,40,piękny,wspaniały,6.43,8.14,0.3333333333333333,2.0794415416798357
32,40,41,przeświadczony,pewny,7.29,7.86,0.25,2.4159137783010487
33,41,42,głupol,tępy,7.43,8.14,0.18181818181818182,1.9459101490553135
34,42,43,wielki,duży,8.71,9.0,0.3333333333333333,2.9267394020670396
35,43,44,miły,okrutny,0.43,5.86,0.15384615384615385,1.7227665977411035
36,44,45,niecierpliwy,niespokojny,4.71,6.57,0.2857142857142857,2.639057329615259
37,45,46,duży,szeroki,4.86,7.86,0.3333333333333333,2.9267394020670396
38,46,47,silny,dumny,0.43,2.71,0.25,2.4159137783010487
39,47,48,niepotrzebny,potrzebny,0.43,7.43,0.3333333333333333,2.9267394020670396
40,48,49,niespokojny,młody,0.43,2.71,0.2,2.0794415416798357
41,49,50,głupi,inteligentny,0.43,7.29,0.2222222222222222,2.2335922215070942
42,51,52,trudny,prosty,0.14,6.29,0.18181818181818182,1.9459101490553135
43,52,53,potrzebny,ważny,6.86,7.43,0.25,2.4159137783010487
44,54,55,szalony,zadowolony,0.29,2.71,0.2857142857142857,2.639057329615259
45,55,56,uczciwy,winny,0.43,3.43,0.16666666666666666,1.8281271133989299
46,56,57,łatwy,trudny,0.14,6.86,0.18181818181818182,2.0794415416798357
47,57,58,łatwy,elastyczny,1.57,2.29,0.25,2.4159137783010487
48,58,59,niewątpliwy,pewny,7.43,8.0,0.2,2.0794415416798357
49,59,60,istotny,potrzebny,7.43,8.29,0.3333333333333333,2.9267394020670396
50,60,61,inny,normalny,0.43,6.29,0.25,2.4159137783010487
51,61,62,chytry,mądry,2.14,4.57,0.25,2.4159137783010487
52,62,63,istotny,ważny,9.43,9.57,0.25,2.4159137783010487
53,63,64,przykry,okrutny,4.0,5.71,0.3333333333333333,2.0794415416798357
54,64,65,dziecinny,głupi,4.86,6.71,0.2,2.0794415416798357
55,65,66,unikatowy,rzadki,9.0,9.0,0.25,2.4159137783010487
56,66,67,przyjacielski,hojny,1.0,5.0,0.16666666666666666,1.8281271133989299
57,67,68,delikatny,nieczuły,0.43,4.57,0.25,2.4159137783010487
58,68,69,długi,wąski,0.29,5.57,0.2857142857142857,2.639057329615259
59,69,70,duży,ciężki,0.71,5.43,0.3333333333333333,2.9267394020670396
60,70,71,szorstki,chłodny,3.86,5.71,0.2222222222222222,2.2335922215070942
61,71,72,dziwaczny,dziwny,9.29,9.29,0.6666666666666666,3.332204510175204
62,72,73,nielegalny,niemoralny,0.71,4.0,0.18181818181818182,1.9459101490553135
63,74,75,nowoczesny,starożytny,0.14,6.43,0.2857142857142857,2.639057329615259
64,75,76,nowy,starożytny,0.14,6.0,0.2222222222222222,2.2335922215070942
65,76,77,nudny,zabawny,0.14,5.86,0.25,2.4159137783010487
66,77,78,szczęśliwy,młody,0.0,3.43,0.15384615384615385,1.7227665977411035
67,78,79,łatwy,duży,0.29,0.29,0.25,2.4159137783010487
68,79,80,wspaniały,okropny,0.29,5.86,0.2,2.2335922215070942
69,80,81,malutki,ogromny,0.14,6.71,0.3333333333333333,2.9267394020670396
70,81,82,uprzejmy,odpowiedni,1.0,2.43,0.2,2.0794415416798357
71,83,84,egzotyczny,rzadki,5.43,7.29,0.2857142857142857,2.639057329615259
72,84,85,głupi,mądry,0.29,6.71,0.25,2.4159137783010487
73,85,86,zachwycający,cudowny,9.0,9.71,0.2,2.4159137783010487
74,86,87,zauważalny,oczywisty,5.43,7.57,0.2222222222222222,2.639057329615259
75,87,88,przestraszony,zalękniony,8.86,9.14,0.6666666666666666,4.02535169073515
76,88,89,formalny,właściwy,1.71,3.29,0.2222222222222222,2.2335922215070942
77,89,90,ponury,nudny,0.57,3.14,0.2222222222222222,2.2335922215070942
78,90,91,zachwycający,wesoły,0.57,2.57,0.4,2.4159137783010487
79,91,92,nieszczęśliwy,szalony,0.43,4.43,0.25,2.4159137783010487
80,92,93,smutny,straszny,0.43,1.57,0.2857142857142857,2.639057329615259
81,94,95,gwałtowny,gniewny,4.57,6.29,0.2,2.0794415416798357
82,96,97,brudny,tani,0.0,1.43,0.25,2.4159137783010487
83,97,98,elastyczny,giętki,9.29,9.29,0.6666666666666666,4.02535169073515
84,100,101,śmiały,dumny,1.14,4.14,0.5454545454545454,2.639057329615259
85,101,102,dziwny,przebiegły,0.29,2.14,0.2222222222222222,2.2335922215070942
86,102,103,dziwny,chytry,1.43,2.0,0.2222222222222222,2.2335922215070942
87,104,105,przebiegły,twardy,0.0,0.14,0.2222222222222222,2.2335922215070942
88,105,106,niesamowity,szalony,1.71,3.43,0.2222222222222222,2.639057329615259
89,107,108,świeży,rozległy,0.0,0.0,0.25,2.4159137783010487
90,108,109,ogromny,głupi,0.0,0.0,0.25,2.4159137783010487
91,109,110,wielki,elastyczny,0.29,0.57,0.3333333333333333,2.9267394020670396
92,110,111,brudny,wąski,0.0,0.86,0.2857142857142857,2.639057329615259
93,111,112,żona,mąż,2.14,8.43,0.5882352941176471,2.4159137783010487
94,112,113,książka,tekst,3.14,7.0,0.6666666666666666,2.9267394020670396
95,113,114,narzeczony,narzeczona,2.71,9.57,0.5555555555555556,2.639057329615259
96,114,115,noc,dzień,0.29,7.43,0.25,2.4159137783010487
97,115,116,południe,północ,0.29,7.43,0.7777777777777778,2.9267394020670396
98,116,117,samolot,lotnisko,0.57,8.57,0.4,2.0794415416798357
99,117,118,wuj,ciotka,2.43,9.29,0.5333333333333333,2.4159137783010487
100,118,119,koń,klacz,4.29,9.14,0.8421052631578947,3.332204510175204
101,119,120,dno,wierzch,0.29,7.57,0.18181818181818182,2.2335922215070942
102,120,121,przyjaciel,kumpel,6.71,8.43,0.7058823529411765,2.639057329615259
103,121,122,student,uczeń,7.57,8.71,0.6153846153846154,2.9267394020670396
104,122,123,świat,glob,7.14,9.0,0.2,2.0794415416798357
105,123,124,noga,ramię,0.29,8.0,0.15384615384615385,1.7227665977411035
106,124,125,samolot,odrzutowiec,6.71,9.57,0.8571428571428571,3.332204510175204
107,125,126,kobieta,mężczyzna,2.14,8.43,0.7142857142857143,2.9267394020670396
108,126,127,koń,źrebak,7.57,9.29,0.5714285714285714,2.4159137783010487
109,127,128,aktorka,aktor,2.43,9.29,0.7142857142857143,2.9267394020670396
110,128,129,nauczyciel,instruktor,7.29,9.0,0.8,3.332204510175204
111,129,130,film,kino,2.43,9.14,0.4,1.9459101490553135
112,130,131,ptak,jastrząb,5.0,8.86,0.5,2.9267394020670396
113,131,132,słowo,słownik,0.43,8.29,0.35294117647058826,1.8281271133989299
114,132,133,pieniądze,pensja,5.43,8.86,0.6666666666666666,2.4159137783010487
115,133,134,pies,kot,1.14,7.29,0.7777777777777778,2.9267394020670396
116,134,135,obszar,region,9.0,9.43,0.2,2.9267394020670396
117,135,136,flota,armia,3.71,7.86,0.4,2.4159137783010487
118,136,137,książka,literatura,3.14,9.14,0.2857142857142857,2.2335922215070942
119,137,138,ubranie,szafa,0.43,8.0,0.16666666666666666,1.8281271133989299
120,139,140,dziecko,dorosły,0.86,7.0,0.6153846153846154,2.639057329615259
121,140,141,krowa,bydło,5.86,9.14,0.125,1.540445040947149
122,141,142,książka,opowieść,4.57,7.43,0.5882352941176471,2.2335922215070942
123,142,143,zima,lato,0.43,7.29,0.6,2.9267394020670396
124,143,144,taksówka,taryfa,6.29,8.86,0.15384615384615385,1.7227665977411035
125,144,145,drzewo,klon,4.86,8.0,0.15384615384615385,2.2335922215070942
126,145,146,łóżko,sypialnia,1.57,7.43,0.14285714285714285,1.8281271133989299
127,146,147,dach,sufit,1.71,6.57,0.16666666666666666,2.2335922215070942
128,147,148,schorzenie,infekcja,4.86,7.86,0.6666666666666666,2.9267394020670396
129,148,149,ramię,bark,3.86,8.43,0.13333333333333333,1.540445040947149
130,149,150,owca,jagnię,7.43,9.14,0.8421052631578947,3.332204510175204
131,150,151,dama,dżentelmen,1.57,9.0,0.6153846153846154,2.639057329615259
132,152,153,ksiądz,mnich,4.29,8.14,0.7142857142857143,2.9267394020670396
133,153,154,paluch,palec,7.71,8.86,0.75,2.9267394020670396
134,155,156,złość,furia,8.14,9.29,0.8571428571428571,3.332204510175204
135,156,157,data,kalendarz,0.57,7.86,0.18181818181818182,1.9459101490553135
136,157,158,morze,ocean,4.71,9.0,0.75,2.9267394020670396
137,158,159,sekunda,minuta,2.71,9.14,0.6666666666666666,4.02535169073515
138,159,160,dłoń,kciuk,1.43,8.57,0.18181818181818182,1.9459101490553135
139,160,161,drewno,kłoda,5.29,9.0,0.75,2.9267394020670396
140,161,162,błoto,brud,3.57,7.86,0.18181818181818182,1.9459101490553135
141,162,163,hol,korytarz,8.71,9.57,0.7272727272727273,3.332204510175204
142,163,164,sposób,maniera,6.29,7.14,0.5714285714285714,2.4159137783010487
143,164,165,mysz,kot,0.86,7.14,0.47058823529411764,2.4159137783010487
144,166,167,śmierć,pochówek,0.29,8.57,0.2,2.0794415416798357
145,167,168,muzyka,melodia,6.57,8.57,0.7272727272727273,3.332204510175204
146,168,169,piwo,alkohol,3.86,8.43,0.7692307692307693,3.332204510175204
147,169,170,usta,warga,5.14,8.57,0.6,2.9267394020670396
148,170,171,burza,huragan,3.14,7.29,0.4444444444444444,2.639057329615259
149,171,172,podatek,dochód,0.14,6.14,0.5,2.4159137783010487
150,172,173,kwiat,fiołek,4.57,8.0,0.8235294117647058,3.332204510175204
151,173,174,papier,tektura,3.29,7.57,0.7692307692307693,3.332204510175204
152,174,175,podłoga,sufit,0.43,6.86,0.7142857142857143,2.9267394020670396
153,175,176,plaża,wybrzeże,3.71,7.86,0.14285714285714285,2.2335922215070942
154,176,177,karnisz,zasłona,0.0,8.0,0.125,1.8281271133989299
155,177,178,ogar,lis,0.43,5.71,0.6956521739130435,2.2335922215070942
156,178,179,ulica,aleja,7.14,8.86,0.8235294117647058,3.332204510175204
157,180,181,samochód,klakson,0.0,7.71,0.14285714285714285,1.9459101490553135
158,181,182,przyjaciel,gość,0.71,4.14,0.5714285714285714,2.4159137783010487
159,182,183,pracodawca,pracownik,0.0,8.57,0.6153846153846154,2.639057329615259
160,184,185,kula,działo,0.29,8.29,0.6666666666666666,2.639057329615259
161,185,186,alkohol,koniak,5.43,9.43,0.7142857142857143,2.9267394020670396
162,186,187,zwycięstwo,triumf,9.71,9.71,0.18181818181818182,1.9459101490553135
163,187,188,telefon,budka,0.29,5.71,0.16666666666666666,2.0794415416798357
164,188,189,drzwi,wejście,8.14,9.0,0.16666666666666666,1.8281271133989299
165,189,190,motel,zajazd,7.29,8.57,0.75,2.9267394020670396
166,190,191,ubiór,tkanina,2.29,8.0,0.16666666666666666,2.4159137783010487
167,191,192,stek,mięso,5.86,8.57,0.625,2.4159137783010487
168,192,193,paznokieć,kciuk,2.0,7.29,0.18181818181818182,1.9459101490553135
169,193,194,zespół,orkiestra,6.29,7.71,0.46153846153846156,2.2335922215070942
170,194,195,książka,Biblia,2.29,6.71,0.2222222222222222,2.2335922215070942
171,196,197,zima,sezon,3.71,7.14,0.6666666666666666,3.332204510175204
172,197,198,dekada,wiek,0.86,6.71,0.5,2.9267394020670396
173,198,199,alkohol,dżin,5.57,9.43,0.6666666666666666,2.639057329615259
174,199,200,kapelusz,płaszcz,0.43,5.71,0.5,2.4159137783010487
175,200,201,okno,drzwi,1.0,7.0,0.18181818181818182,1.9459101490553135
176,202,203,dom,apartament,5.0,8.14,0.16666666666666666,2.4159137783010487
177,204,205,wino,koniak,2.14,8.86,0.6666666666666666,2.639057329615259
178,205,206,twórca,wykonawca,3.71,7.86,0.7692307692307693,3.332204510175204
179,206,207,obiad,śniadanie,0.71,8.0,0.75,2.9267394020670396
180,207,208,ramię,mięsień,0.29,6.86,0.2222222222222222,2.4159137783010487
181,209,210,chleb,mąka,0.71,7.14,0.6666666666666666,2.639057329615259
182,210,211,śmierć,tragedia,2.71,7.29,0.18181818181818182,2.0794415416798357
183,211,212,nieobecność,obecność,0.43,7.43,0.18181818181818182,2.639057329615259
184,212,213,pistolet,działo,2.29,7.0,0.7142857142857143,2.9267394020670396
185,213,214,trawa,źdźbło,3.43,8.57,0.15384615384615385,2.0794415416798357
186,214,215,piłka,kosz,0.0,6.71,0.2,2.0794415416798357
187,215,216,szlauch,ogród,0.0,6.71,0.15384615384615385,1.7227665977411035
188,216,217,chłopiec,dzieciak,5.14,7.43,0.2222222222222222,2.2335922215070942
189,219,220,wieża,dzwon,0.0,7.0,0.16666666666666666,2.2335922215070942
190,220,221,ojciec,rodzic,7.14,9.43,0.8,3.332204510175204
191,221,222,szkoła,stopień,0.29,6.14,0.18181818181818182,1.9459101490553135
192,222,223,rodzic,dorosły,3.29,7.57,0.6153846153846154,2.639057329615259
193,223,224,krata,więzienie,1.86,8.0,0.15384615384615385,1.7227665977411035
194,224,225,samochód,autostrada,0.0,8.14,0.3333333333333333,1.7227665977411035
195,225,226,słownik,definicja,0.43,8.14,0.15384615384615385,1.8281271133989299
196,226,227,drzwi,piwnica,0.14,5.14,0.18181818181818182,2.0794415416798357
197,227,228,armia,legion,4.14,7.86,0.36363636363636365,2.639057329615259
198,228,229,metal,aluminium,3.71,8.43,0.14285714285714285,1.7227665977411035
199,229,230,krzesło,ławka,1.57,8.14,0.7777777777777778,2.9267394020670396
200,230,231,obłok,mgła,3.0,6.86,0.2222222222222222,2.639057329615259
201,231,232,chłopiec,syn,5.29,7.86,0.6153846153846154,2.639057329615259
202,232,233,woda,lód,2.43,8.14,0.2,2.0794415416798357
203,233,234,łóżko,koc,0.0,6.86,0.5882352941176471,2.2335922215070942
204,234,235,adwokat,prawnik,6.0,9.14,0.8,3.332204510175204
205,235,236,obszar,strefa,8.14,8.86,0.6666666666666666,3.332204510175204
206,237,238,ubranie,materiał,2.0,8.29,0.2,2.0794415416798357
207,238,239,sweter,kurtka,1.86,6.57,0.5,2.4159137783010487
208,239,240,pieniądze,kapitał,5.43,8.29,0.7692307692307693,3.332204510175204
209,240,241,ręka,stopa,0.29,7.14,0.3333333333333333,2.0794415416798357
210,241,242,alkohol,koktajl,2.86,6.57,0.6153846153846154,2.639057329615259
211,242,243,jard,cal,1.57,8.71,0.75,2.9267394020670396
212,243,244,molekuła,atom,6.57,9.0,0.2,2.0794415416798357
213,244,245,obiektyw,aparat,1.86,9.14,0.5882352941176471,2.4159137783010487
214,245,246,posiłek,obiad,4.71,8.71,0.8,3.332204510175204
215,246,247,oko,łza,0.14,7.86,0.16666666666666666,1.8281271133989299
216,248,249,pętla,pasek,0.29,2.0,0.6,2.9267394020670396
217,249,250,szczur,mysz,2.71,8.43,0.75,2.9267394020670396
218,250,251,motor,silnik,6.29,8.43,0.13333333333333333,2.0794415416798357
219,251,252,samochód,taksówka,4.14,8.14,0.14285714285714285,1.7227665977411035
220,252,253,kot,lew,3.29,7.71,0.8421052631578947,3.332204510175204
221,253,254,rozmiar,wielkość,7.29,9.71,0.75,4.02535169073515
222,254,255,rzeczywistość,fantazja,0.14,6.43,0.2,2.2335922215070942
223,255,256,drzwi,brama,4.57,8.57,0.16666666666666666,2.9267394020670396
224,256,257,kot,zwierzak,4.71,8.71,0.5,2.2335922215070942
225,257,258,puszka,aluminium,1.29,7.71,0.14285714285714285,1.8281271133989299
226,258,259,kość,szczęka,1.57,7.43,0.2222222222222222,2.4159137783010487
227,259,260,zboże,pszenica,4.29,8.43,0.8235294117647058,3.332204510175204
228,260,261,dom,klucz,0.0,5.71,0.18181818181818182,2.2335922215070942
229,261,262,krew,ciało,0.14,6.57,0.18181818181818182,1.9459101490553135
230,262,263,drzwi,korytarz,0.0,5.0,0.18181818181818182,2.0794415416798357
231,264,265,zdolność,kompetencja,6.29,8.0,0.5454545454545454,2.639057329615259
232,265,266,obfitość,dostatek,7.71,9.0,0.75,4.02535169073515
233,266,267,kanapa,krzesło,1.43,8.43,0.7777777777777778,2.9267394020670396
234,267,268,ściana,cegła,1.0,7.0,0.15384615384615385,2.2335922215070942
235,268,269,trąbka,bęben,1.0,8.0,0.5555555555555556,2.0794415416798357
236,269,270,organ,wątroba,3.86,8.43,0.16666666666666666,1.8281271133989299
237,270,271,siła,moc,8.43,9.43,0.4444444444444444,2.639057329615259
238,271,272,fraza,słowo,4.29,8.14,0.5882352941176471,2.4159137783010487
239,272,273,zespół,parada,0.0,4.86,0.2,2.0794415416798357
240,273,274,żołądek,talia,0.0,2.57,0.18181818181818182,1.9459101490553135
241,274,275,chmura,burza,1.29,7.43,0.5,2.9267394020670396
242,276,277,hałas,grzechot,4.14,7.14,0.5454545454545454,2.639057329615259
243,277,278,deszcz,mgła,1.57,5.57,0.4444444444444444,2.639057329615259
244,278,279,piwo,napój,3.43,8.14,0.6666666666666666,2.9267394020670396
245,280,281,jabłko,sok,0.0,5.29,0.15384615384615385,2.2335922215070942
246,281,282,inteligencja,logika,3.86,6.57,0.6666666666666666,2.9267394020670396
247,282,283,komunikacja,język,2.57,7.57,0.18181818181818182,2.4159137783010487
248,283,284,norka,futro,1.71,7.43,0.14285714285714285,1.7227665977411035
249,285,286,brzeg,wybrzeże,7.71,9.14,0.18181818181818182,2.2335922215070942
250,286,287,drut,sznur,2.71,3.86,0.15384615384615385,2.2335922215070942
251,287,288,ptak,indyk,3.43,8.29,0.14285714285714285,1.7227665977411035
252,288,289,łóżko,łóżeczko,8.57,9.71,0.7777777777777778,2.9267394020670396
253,289,290,kompetencja,umiejętność,7.29,8.57,0.6666666666666666,3.332204510175204
254,291,292,kolacja,posiłek,4.43,8.86,0.8,3.332204510175204
255,292,293,pręt,klatka,0.86,6.86,0.625,2.4159137783010487
256,293,294,woda,sól,0.0,4.43,0.16666666666666666,1.8281271133989299
257,294,295,zmysł,intuicja,6.14,8.14,0.6,2.9267394020670396
258,295,296,sytuacja,stan,6.14,7.57,0.25,2.4159137783010487
259,296,297,przestępstwo,kradzież,6.0,8.43,0.7692307692307693,3.332204510175204
260,297,298,styl,moda,5.43,8.29,0.2222222222222222,2.2335922215070942
261,298,299,rubież,granica,7.57,9.0,0.18181818181818182,2.2335922215070942
262,299,300,ramię,ciało,1.14,7.86,0.16666666666666666,1.8281271133989299
263,301,302,kanapka,lunch,1.0,7.14,0.625,2.4159137783010487
264,302,303,narzeczona,księżniczka,1.0,2.71,0.5555555555555556,2.0794415416798357
265,304,305,samochód,wskaźnik,0.0,4.57,0.16666666666666666,1.8281271133989299
266,305,306,owad,pszczoła,4.71,8.43,0.7368421052631579,2.639057329615259
267,306,307,łóżeczko,kołyska,5.71,8.57,0.7368421052631579,2.639057329615259
268,307,308,zwierzę,człowiek,1.57,4.43,0.6153846153846154,2.639057329615259
269,308,309,marihuana,zioło,7.29,8.86,0.875,4.02535169073515
270,309,310,łóżko,szpital,0.0,6.43,0.14285714285714285,1.7227665977411035
271,310,311,policzek,język,0.43,5.57,0.16666666666666666,1.8281271133989299
272,311,312,dysk,komputer,0.14,7.57,0.5882352941176471,2.2335922215070942
273,312,313,krzywa,kąt,1.29,5.71,0.18181818181818182,2.2335922215070942
274,313,314,trawa,mech,2.0,6.29,0.7058823529411765,2.639057329615259
275,314,315,szkoła,prawo,0.0,2.57,0.2,2.0794415416798357
276,315,316,stopa,głowa,0.29,6.0,0.4,2.4159137783010487
277,316,317,matka,opiekunka,5.57,8.0,0.25,2.4159137783010487
278,317,318,ortodonta,dentysta,3.29,8.86,0.8421052631578947,3.332204510175204
279,318,319,alkohol,whisky,3.29,8.57,0.6666666666666666,2.639057329615259
280,319,320,usta,ząb,1.43,7.14,0.5714285714285714,2.4159137783010487
281,320,321,śniadanie,bekon,0.29,4.71,0.14285714285714285,1.9459101490553135
282,321,322,łazienka,sypialnia,0.29,6.57,0.5454545454545454,2.639057329615259
283,322,323,talerz,miska,1.71,7.43,0.7777777777777778,2.9267394020670396
284,323,324,mięso,bekon,3.14,8.29,0.625,2.4159137783010487
285,324,325,powietrze,hel,1.43,5.71,0.46153846153846156,2.2335922215070942
286,325,326,robotnik,pracodawca,1.0,7.29,0.6153846153846154,2.639057329615259
287,326,327,ciało,pierś,2.29,7.14,0.2,2.0794415416798357
288,327,328,syn,ojciec,1.14,8.57,0.5882352941176471,2.2335922215070942
289,328,329,serce,operacja,0.0,4.29,0.2222222222222222,2.2335922215070942
290,329,330,kobieta,sekretarka,2.14,6.0,0.2222222222222222,2.2335922215070942
291,330,331,mężczyzna,ojciec,2.71,7.57,0.5714285714285714,2.4159137783010487
292,331,332,plaża,wyspa,0.57,6.14,0.14285714285714285,1.9459101490553135
293,332,333,opowiadanie,temat,0.14,4.86,0.16666666666666666,1.8281271133989299
294,333,334,gra,zabawa,7.43,8.71,0.625,2.4159137783010487
295,334,335,weekend,tydzień,0.71,7.86,0.2857142857142857,2.639057329615259
296,335,336,para,duet,9.0,9.57,0.8571428571428571,4.02535169073515
297,336,337,kobieta,żona,3.14,7.57,0.7142857142857143,2.9267394020670396
298,337,338,owca,bydło,0.71,4.57,0.11764705882352941,1.4604023332736125
299,338,339,torebka,torba,8.43,9.43,0.8235294117647058,3.332204510175204
300,339,340,sufit,katedra,0.29,4.14,0.15384615384615385,1.8281271133989299
301,340,341,ziarno,kawa,1.14,7.14,0.15384615384615385,1.9459101490553135
302,341,342,drewno,papier,0.57,5.57,0.6153846153846154,2.639057329615259
303,342,343,wierzch,strona,2.29,5.0,0.6666666666666666,3.332204510175204
304,343,344,przestępstwo,oszustwo,6.0,8.14,0.25,2.9267394020670396
305,344,345,ból,rana,0.57,7.43,0.3076923076923077,1.9459101490553135
306,345,346,kochanek,towarzysz,2.86,5.14,0.5333333333333333,2.2335922215070942
307,346,347,wieczór,zmierzch,6.43,8.29,0.2,2.0794415416798357
308,347,348,ojciec,córka,0.43,8.57,0.5882352941176471,2.2335922215070942
309,348,349,wino,trunek,4.57,8.14,0.7692307692307693,3.332204510175204
310,349,350,krowa,koza,0.86,6.86,0.631578947368421,2.639057329615259
311,350,351,wiara,opinia,2.14,3.57,0.3333333333333333,2.0794415416798357
312,351,352,rzeczywistość,iluzja,0.71,6.71,0.2,2.0794415416798357
313,352,353,pakt,porozumienie,8.29,9.14,0.6153846153846154,2.639057329615259
314,353,354,bogactwo,bieda,0.43,7.43,0.25,2.4159137783010487
315,354,355,wypadek,awaria,3.29,6.57,0.5,2.9267394020670396
316,355,356,bitwa,podbój,3.71,7.14,0.15384615384615385,1.7227665977411035
317,356,357,przyjaciel,nauczyciel,0.86,3.43,0.5333333333333333,2.2335922215070942
318,357,358,choroba,infekcja,6.29,8.14,0.6666666666666666,2.9267394020670396
319,358,359,gra,sztuczka,3.14,4.29,0.16666666666666666,2.0794415416798357
320,359,360,brat,syn,1.43,6.71,0.625,2.4159137783010487
321,360,361,ciotka,siostrzeniec,0.57,7.14,0.5333333333333333,2.4159137783010487
322,361,362,robotnik,mechanik,4.43,7.0,0.7142857142857143,2.9267394020670396
323,362,363,lekarz,ortodonta,3.86,7.43,0.5,2.639057329615259
324,365,366,samochód,rower,0.71,6.71,0.631578947368421,2.4159137783010487
325,366,367,cel,poszukiwanie,0.14,5.0,0.2,2.0794415416798357
326,367,368,sierpień,miesiąc,3.29,8.86,0.6666666666666666,3.332204510175204
327,368,369,armia,brygada,3.43,7.0,0.36363636363636365,2.639057329615259
328,369,370,chmura,pogoda,0.29,7.0,0.5,2.9267394020670396
329,370,371,lekarz,doktor,8.86,9.57,0.8571428571428571,4.02535169073515
330,371,372,kanion,dolina,5.71,8.29,0.6666666666666666,2.9267394020670396
331,374,375,cel,strzała,0.0,6.0,0.2,2.0794415416798357
332,375,376,czekolada,ciasto,0.86,5.57,0.16666666666666666,2.2335922215070942
333,376,377,okoliczność,sytuacja,7.57,8.57,0.25,2.4159137783010487
334,377,378,opinia,wybór,0.14,5.0,0.16666666666666666,1.8281271133989299
335,378,379,rytm,melodia,1.86,8.14,0.2,2.639057329615259
336,379,380,jelito,nerw,0.29,2.71,0.18181818181818182,1.9459101490553135
337,380,381,dzień,świt,3.14,7.29,0.25,2.4159137783010487
338,381,382,bydło,wołowina,1.0,6.14,0.13333333333333333,1.7227665977411035
339,382,383,doktor,profesor,2.57,8.86,0.5,2.2335922215070942
340,383,384,ramię,żyła,0.29,4.0,0.46153846153846156,2.2335922215070942
341,384,385,pokój,łazienka,2.57,6.29,0.6,2.9267394020670396
342,386,387,rozrywka,futbol,1.86,5.29,0.18181818181818182,2.4159137783010487
343,387,388,wzgórze,klif,1.57,5.57,0.15384615384615385,1.9459101490553135
344,388,389,kość,kostka,5.86,8.0,0.16666666666666666,1.9459101490553135
345,389,390,jabłko,cukierek,0.29,3.29,0.5333333333333333,2.2335922215070942
346,390,391,pomocnik,służący,3.86,6.43,0.5714285714285714,2.4159137783010487
347,391,392,lider,menedżer,5.86,7.57,0.5333333333333333,2.2335922215070942
348,392,393,cytryna,herbata,0.14,6.43,0.14285714285714285,1.7227665977411035
349,393,394,pszczoła,mrówka,1.57,6.71,0.8181818181818182,2.9267394020670396
350,394,395,koszykówka,bejsbol,1.0,7.14,0.14285714285714285,1.6274564179367788
351,395,396,ryż,ziarnko,1.71,6.29,0.15384615384615385,2.2335922215070942
352,396,397,łóżko,mebel,3.29,7.86,0.8235294117647058,3.332204510175204
353,397,398,emocja,pasja,4.86,6.14,0.18181818181818182,2.2335922215070942
354,398,399,anarchia,chaos,6.71,8.29,0.4444444444444444,2.9267394020670396
355,399,400,przestępstwo,naruszenie,4.0,6.57,0.2,2.0794415416798357
356,400,401,maszyna,silnik,3.0,6.71,0.7058823529411765,2.639057329615259
357,401,402,plaża,morze,0.14,8.14,0.14285714285714285,2.0794415416798357
358,402,403,kręgielnia,kula,0.0,7.71,0.5333333333333333,2.2335922215070942
359,403,404,słoik,butelka,1.71,6.57,0.7777777777777778,2.9267394020670396
360,404,405,siła,zdolność,2.0,4.29,0.5,2.9267394020670396
361,406,407,gitara,bęben,1.14,6.57,0.5555555555555556,2.0794415416798357
362,407,408,opinia,idea,1.43,3.57,0.2,2.0794415416798357
363,408,409,północ,zachód,0.43,7.29,0.16666666666666666,1.8281271133989299
364,409,410,dieta,sałatka,0.14,5.71,0.14285714285714285,1.8281271133989299
365,410,411,matka,żona,3.0,8.29,0.6666666666666666,2.4159137783010487
366,411,412,tata,matka,2.43,8.86,0.75,2.9267394020670396
367,413,414,metr,jard,1.86,8.57,0.625,2.639057329615259
368,414,415,piwo,szampan,1.29,8.14,0.625,2.4159137783010487
369,416,417,karta,brydż,0.71,8.71,0.2222222222222222,2.2335922215070942
370,417,418,nauka,psychologia,2.86,7.0,0.7777777777777778,2.9267394020670396
371,418,419,grzesznik,święty,0.29,6.14,0.5714285714285714,2.4159137783010487
372,419,420,destrukcja,konstrukcja,0.86,6.14,0.2,2.2335922215070942
373,420,421,tłum,zgraja,6.14,7.43,0.6153846153846154,2.639057329615259
374,421,422,plaża,rafa,0.14,3.43,0.15384615384615385,1.8281271133989299
375,422,423,mężczyzna,dziecko,1.0,4.43,0.6153846153846154,2.639057329615259
376,423,424,chleb,ser,0.71,5.29,0.6666666666666666,2.639057329615259
377,424,425,mistrz,zwycięzca,5.71,6.86,0.8,3.332204510175204
378,425,426,uroczystość,ceremonia,8.71,9.29,0.6666666666666666,3.332204510175204
379,426,427,menu,zamówienie,0.43,6.43,0.15384615384615385,1.7227665977411035
380,427,428,król,księżniczka,1.14,8.14,0.47058823529411764,1.9459101490553135
381,428,429,bogactwo,prestiż,1.29,6.43,0.16666666666666666,1.8281271133989299
382,429,430,wytrzymałość,siła,4.29,6.43,0.5,2.9267394020670396
383,430,431,niebezpieczeństwo,zagrożenie,9.29,9.71,0.2,2.0794415416798357
384,433,434,kumpel,kompan,7.71,8.57,0.7619047619047619,3.332204510175204
385,434,435,nauczyciel,pomocnik,0.71,3.43,0.5714285714285714,2.4159137783010487
386,435,436,ciało,żołądek,0.43,6.14,0.18181818181818182,1.9459101490553135
387,436,437,język,gardło,1.0,5.43,0.16666666666666666,1.8281271133989299
388,437,438,dom,dywan,0.14,4.14,0.35294117647058826,2.0794415416798357
389,438,439,inteligencja,umiejętność,3.71,6.14,0.4444444444444444,2.639057329615259
390,439,440,podróż,podbój,1.29,4.0,0.14285714285714285,1.7227665977411035
391,441,442,brat,dusza,0.0,1.14,0.5714285714285714,2.4159137783010487
392,442,443,adwersarz,oponent,9.43,9.86,0.7692307692307693,3.332204510175204
393,443,444,śmierć,katastrofa,1.86,6.71,0.2222222222222222,2.4159137783010487
394,444,445,potwór,demon,6.86,8.14,0.5,2.4159137783010487
395,446,447,człowiek,zwycięzca,1.29,4.29,0.6666666666666666,2.9267394020670396
396,447,448,znajomy,facet,3.71,5.29,0.6153846153846154,2.639057329615259
397,448,449,piosenka,opowieść,1.86,4.0,0.625,2.4159137783010487
398,450,451,facet,ogier,0.86,2.71,0.5,2.0794415416798357
399,451,452,kurczak,ryż,0.29,5.71,0.14285714285714285,1.7227665977411035
400,452,453,kabina,winda,3.29,6.43,0.16666666666666666,2.2335922215070942
401,453,454,masło,ziemniak,0.29,5.86,0.4,2.2335922215070942
402,456,457,sałatka,ocet,0.14,5.29,0.15384615384615385,2.4159137783010487
403,458,459,chmura,mgła,2.71,6.57,0.5,2.9267394020670396
404,459,460,kierowca,pilot,3.43,6.57,0.5714285714285714,2.4159137783010487
405,460,461,cukier,miód,1.57,6.71,0.7142857142857143,2.9267394020670396
406,461,462,ciało,bark,1.71,7.86,0.13333333333333333,1.540445040947149
407,462,463,idea,wyobrażenie,6.43,7.71,0.5454545454545454,2.639057329615259
408,463,464,ojciec,brat,1.43,7.29,0.6666666666666666,2.639057329615259
409,465,466,bal,kostium,0.0,7.0,0.15384615384615385,1.7227665977411035
410,467,468,pokój,łóżko,0.0,5.71,0.15384615384615385,1.9459101490553135
411,468,469,kwiat,krzew,2.29,6.86,0.7058823529411765,2.9267394020670396
412,469,470,kość,kolano,0.43,6.57,0.4444444444444444,2.639057329615259
413,470,471,ramię,kolano,0.43,6.29,0.4,2.4159137783010487
414,471,472,dno,strona,0.71,1.71,0.2,2.4159137783010487
415,472,473,naczynie,żyła,2.29,3.43,0.7692307692307693,3.332204510175204
416,473,474,kot,królik,0.71,6.71,0.5,2.4159137783010487
417,474,475,mięso,kanapka,0.29,4.71,0.6666666666666666,2.639057329615259
418,475,476,wiara,koncept,2.29,4.43,0.18181818181818182,2.0794415416798357
419,476,477,inteligencja,wnikliwość,2.29,6.14,0.6666666666666666,2.9267394020670396
420,477,478,uwaga,zainteresowanie,7.0,7.86,0.16666666666666666,1.8281271133989299
421,478,479,postawa,pewność,1.14,3.43,0.18181818181818182,2.2335922215070942
422,479,480,słuszność,sprawiedliwość,3.43,5.71,0.4444444444444444,2.639057329615259
423,480,481,prawo,zgoda,0.29,3.43,0.18181818181818182,1.9459101490553135
424,481,482,głębokość,wielkość,1.43,6.29,0.6666666666666666,3.332204510175204
425,482,483,medium,wiadomość,0.29,5.86,0.2,2.2335922215070942
426,483,484,zwycięzca,kandydat,0.57,4.0,0.6153846153846154,2.639057329615259
427,484,485,urodziny,data,2.29,6.14,0.4,2.4159137783010487
428,485,486,opłata,płatność,8.71,9.43,0.2,2.2335922215070942
429,486,487,Biblia,hymn,0.0,1.14,0.18181818181818182,1.9459101490553135
430,487,488,wyjście,drzwi,6.14,7.57,0.16666666666666666,1.8281271133989299
431,488,489,mężczyzna,wartownik,1.14,4.43,0.5714285714285714,2.4159137783010487
432,489,490,przejście,hol,3.43,7.0,0.18181818181818182,1.9459101490553135
433,490,491,whisky,gin,2.57,8.0,0.6666666666666666,2.4159137783010487
434,491,492,krew,szpik,0.71,7.71,0.4444444444444444,2.639057329615259
435,492,493,olej,norka,0.0,0.0,0.15384615384615385,1.7227665977411035
436,493,494,podłoga,pokład,2.71,5.43,0.16666666666666666,2.639057329615259
437,494,495,dach,podłoga,0.43,6.29,0.16666666666666666,2.2335922215070942
438,495,496,drzwi,podłoga,0.43,5.14,0.16666666666666666,2.2335922215070942
439,496,497,bark,głowa,1.43,5.29,0.13333333333333333,1.540445040947149
440,497,498,wóz,powóz,5.14,8.29,0.631578947368421,2.2335922215070942
441,498,499,samochód,pojazd,6.43,8.43,0.7142857142857143,2.9267394020670396
442,499,500,łokieć,kostka,1.0,6.43,0.5555555555555556,2.0794415416798357
443,500,501,bogactwo,sława,0.71,4.86,0.16666666666666666,1.8281271133989299
444,501,502,żal,wstyd,1.86,4.86,0.75,2.9267394020670396
445,502,503,administracja,zarząd,5.57,8.0,0.3333333333333333,2.0794415416798357
446,503,504,komunikacja,konwersacja,4.29,8.0,0.2222222222222222,2.2335922215070942
447,504,505,zanieczyszczenie,atmosfera,0.0,6.57,0.25,2.4159137783010487
448,506,507,uczelnia,zawód,0.0,5.14,0.15384615384615385,1.7227665977411035
449,507,508,książka,temat,0.0,5.71,0.42857142857142855,2.2335922215070942
450,508,509,wzór,równanie,7.14,8.57,0.16666666666666666,1.8281271133989299
451,509,510,książka,informacja,0.29,5.29,0.2222222222222222,2.4159137783010487
452,510,511,chłopak,partner,7.14,8.71,0.6666666666666666,2.9267394020670396
453,511,512,niebo,wszechświat,1.71,4.71,0.5,2.9267394020670396
454,513,514,uczelnia,klasa,1.14,4.43,0.18181818181818182,1.9459101490553135
455,514,515,szef,major,1.71,4.14,0.5333333333333333,2.4159137783010487
456,515,516,rabin,pastor,2.71,7.0,0.7142857142857143,2.9267394020670396
457,516,517,metr,cal,1.71,8.43,0.625,2.639057329615259
458,517,518,poliester,bawełna,1.0,6.86,0.5,2.0794415416798357
459,518,519,prawnik,bankier,0.71,4.71,0.5882352941176471,2.2335922215070942
460,519,520,skrzypce,instrument,4.29,8.57,0.6666666666666666,2.639057329615259
461,520,521,obóz,chatka,0.57,3.14,0.2222222222222222,2.2335922215070942
462,521,522,garnek,urządzenie,0.71,2.57,0.16666666666666666,1.8281271133989299
463,522,523,len,tkanina,3.57,6.29,0.14285714285714285,1.9459101490553135
464,523,524,whisky,szampan,1.29,7.43,0.5555555555555556,2.0794415416798357
465,524,525,dziewczynka,dziecko,4.57,8.0,0.8,3.332204510175204
466,525,526,chatka,domek,8.0,8.86,0.2,2.0794415416798357
467,526,527,ptak,kura,3.57,8.43,0.8695652173913043,3.332204510175204
468,527,528,rakieta,hałas,0.0,6.43,0.18181818181818182,1.9459101490553135
469,528,529,zachód,wieczór,3.57,7.86,0.2,2.0794415416798357
470,529,530,mżawka,deszcz,6.57,9.14,0.7272727272727273,3.332204510175204
471,530,531,dorosły,niemowlę,1.14,6.86,0.5714285714285714,2.4159137783010487
472,531,532,grafit,węgiel,5.0,8.29,0.8235294117647058,3.332204510175204
473,532,533,ciało,kręgosłup,0.57,7.0,0.15384615384615385,1.9459101490553135
474,533,534,głowa,paznokieć,0.29,5.0,0.2222222222222222,2.2335922215070942
475,534,535,drewno,kloc,2.14,6.71,0.18181818181818182,2.0794415416798357
476,535,536,łyżeczka,filiżanka,0.29,7.43,0.5555555555555556,2.2335922215070942
477,536,537,ciało,nerw,0.43,6.86,0.16666666666666666,1.8281271133989299
478,537,538,mężczyzna,mąż,4.71,8.43,0.7692307692307693,3.332204510175204
479,539,540,frustracja,złość,5.0,7.71,0.631578947368421,2.2335922215070942
480,541,542,zadanie,praca,3.57,6.57,0.18181818181818182,1.9459101490553135
481,543,544,odzwierciedlenie,obraz,5.86,7.57,0.14285714285714285,1.6274564179367788
482,544,545,książę,król,4.0,8.71,0.7058823529411765,2.639057329615259
483,545,546,śnieg,pogoda,1.14,6.57,0.4444444444444444,2.639057329615259
484,546,547,społeczeństwo,partia,0.0,5.14,0.6153846153846154,2.639057329615259
485,547,548,chłopiec,brat,2.86,7.0,0.6153846153846154,2.639057329615259
486,548,549,korzeń,trawa,0.14,6.71,0.16666666666666666,2.2335922215070942
487,550,551,pieniądz,perła,0.43,3.57,0.16666666666666666,2.2335922215070942
488,551,552,pieniądz,diament,0.43,4.43,0.15384615384615385,1.9459101490553135
489,552,553,pojazd,autobus,5.29,8.29,0.6666666666666666,2.639057329615259
490,553,554,taksówka,autobus,1.43,6.71,0.15384615384615385,1.7227665977411035
491,554,555,dom,stodoła,1.43,4.29,0.7058823529411765,2.639057329615259
492,555,556,palec,dłoń,1.14,7.86,0.2222222222222222,2.2335922215070942
493,556,557,samochód,most,0.0,3.86,0.35294117647058826,1.8281271133989299
494,557,558,wysiłek,trudność,2.86,6.86,0.5,2.9267394020670396
495,558,559,fakt,spostrzeżenie,3.57,6.0,0.2,2.0794415416798357
496,559,560,praca,zarządzanie,2.86,5.86,0.16666666666666666,1.8281271133989299
497,560,561,rak,choroba,3.86,7.86,0.18181818181818182,2.639057329615259
498,561,562,słowo,gazeta,0.71,5.57,0.3157894736842105,1.7227665977411035
499,562,563,kompozytor,pisarz,1.43,6.57,0.7368421052631579,2.639057329615259
500,563,564,aktor,piosenkarz,1.57,6.29,0.6666666666666666,2.4159137783010487
501,564,565,schronienie,szałas,5.43,7.14,0.16666666666666666,1.8281271133989299
502,565,566,łazienka,kuchnia,0.71,7.14,0.6,2.9267394020670396
503,566,567,chata,domek,6.57,8.43,0.75,2.9267394020670396
504,567,568,drzwi,kuchnia,0.29,6.0,0.18181818181818182,2.0794415416798357
505,568,569,wartość,wiara,0.86,4.43,0.36363636363636365,2.2335922215070942
506,569,570,mądrość,inteligencja,5.0,8.14,0.4,2.639057329615259
507,570,571,ignorancja,inteligencja,0.57,4.29,0.4,2.4159137783010487
508,571,572,szczęście,traf,6.0,7.43,0.36363636363636365,2.2335922215070942
509,572,573,pomysł,plan,4.43,6.71,0.5454545454545454,2.639057329615259
510,573,574,nastrój,emocja,4.0,7.86,0.7142857142857143,2.9267394020670396
511,574,575,szczęście,spokój,2.14,6.14,0.18181818181818182,2.2335922215070942
512,575,576,rozpacz,niedola,3.43,6.71,0.16666666666666666,2.0794415416798357
513,576,577,logika,arytmetyka,2.0,6.29,0.2,2.0794415416798357
514,578,579,spór,krytyka,1.57,3.86,0.2,2.0794415416798357
515,579,580,agresja,wrogość,4.71,7.86,0.15384615384615385,2.0794415416798357
516,580,581,histeria,zamieszanie,3.0,4.86,0.15384615384615385,1.7227665977411035
517,581,582,chemia,teoria,0.71,5.0,0.14285714285714285,1.6274564179367788
518,583,584,komfort,bezpieczeństwo,3.0,6.86,0.4,2.4159137783010487
519,585,586,wzrok,percepcja,3.0,6.71,0.2222222222222222,2.2335922215070942
520,586,587,era,dekada,2.86,6.71,0.16666666666666666,1.8281271133989299
521,587,588,biografia,fikcja,0.86,6.29,0.2,2.0794415416798357
522,588,589,dyskusja,spór,5.29,7.14,0.2,2.0794415416798357
523,589,590,kod,symbol,3.43,5.71,0.15384615384615385,2.639057329615259
524,590,591,niebezpieczeństwo,choroba,0.43,4.71,0.2222222222222222,2.4159137783010487
525,591,592,wypadek,katastrofa,6.86,8.14,0.5,2.9267394020670396
526,592,593,podróż,wycieczka,6.57,8.71,0.75,2.9267394020670396
527,593,594,aktywność,ruch,7.71,8.71,0.2,2.4159137783010487
528,594,595,plotka,wiadomość,3.71,6.29,0.6666666666666666,2.639057329615259
529,596,597,akcja,przebieg,3.14,5.86,0.7692307692307693,3.332204510175204
530,597,598,gorączka,choroba,1.29,7.71,0.18181818181818182,2.639057329615259
531,598,599,lotnictwo,lot,0.0,8.71,0.15384615384615385,1.7227665977411035
532,599,600,gra,akcja,1.43,5.86,0.16666666666666666,1.9459101490553135
533,600,601,cząsteczka,powietrze,0.29,5.29,0.36363636363636365,2.2335922215070942
534,601,602,dom,państwo,1.29,1.71,0.16666666666666666,2.0794415416798357
535,602,603,słowo,literatura,1.57,6.86,0.2857142857142857,2.0794415416798357
536,603,604,dorosły,opiekun,3.0,4.29,0.6666666666666666,2.9267394020670396
537,604,605,gazeta,informacja,1.57,8.0,0.16666666666666666,1.8281271133989299
538,605,606,komunikacja,telewizja,0.86,6.43,0.18181818181818182,1.9459101490553135
539,606,607,kuzyn,wuj,2.43,7.71,0.7142857142857143,2.9267394020670396
540,607,608,autor,czytelnik,0.57,7.71,0.5714285714285714,2.4159137783010487
541,608,609,facet,partner,5.29,7.57,0.6666666666666666,2.9267394020670396
542,609,610,obszar,zakątek,4.0,5.43,0.2222222222222222,2.4159137783010487
543,610,611,ballada,piosenka,5.57,8.14,0.625,2.4159137783010487
544,611,612,ściana,dekoracja,0.0,5.43,0.16666666666666666,2.9267394020670396
545,612,613,słowo,strona,0.29,4.14,0.2222222222222222,2.2335922215070942
546,613,614,pielęgniarka,naukowiec,1.0,2.57,0.2,2.0794415416798357
547,614,615,polityk,prezydent,4.71,8.43,0.7777777777777778,2.9267394020670396
548,615,616,prezydent,burmistrz,4.14,7.43,0.7777777777777778,2.9267394020670396
549,616,617,książka,esej,3.0,5.71,0.7142857142857143,2.9267394020670396
550,617,618,mężczyzna,wojownik,2.57,6.71,0.6666666666666666,2.9267394020670396
551,618,619,artykuł,czasopismo,0.43,7.29,0.4444444444444444,2.0794415416798357
552,619,620,śniadanie,kolacja,0.86,8.57,0.75,2.9267394020670396
553,620,621,tłum,parada,1.86,5.43,0.18181818181818182,1.9459101490553135
554,621,622,przejście,korytarz,5.0,7.29,0.2,2.0794415416798357
555,622,623,nauczyciel,rabin,2.14,5.57,0.5714285714285714,2.4159137783010487
556,624,625,książka,artykuł,1.43,5.0,0.7142857142857143,2.9267394020670396
557,625,626,pokój,cela,3.0,4.43,0.6,2.9267394020670396
558,626,627,kabina,budka,5.57,6.71,0.18181818181818182,2.4159137783010487
559,627,628,córka,dzieciak,3.86,6.0,0.2222222222222222,2.2335922215070942
560,628,629,kończyna,noga,6.14,9.14,0.15384615384615385,1.8281271133989299
561,630,631,klasa,korytarz,0.43,5.0,0.2,2.0794415416798357
562,631,632,góra,grań,2.43,7.43,0.2222222222222222,2.2335922215070942
563,632,633,klatka,winda,1.0,5.29,0.7777777777777778,2.9267394020670396
564,633,634,łóżko,kanapa,3.0,8.0,0.8421052631578947,3.332204510175204
565,634,635,ubranie,guzik,0.14,6.0,0.18181818181818182,1.9459101490553135
566,635,636,ubranie,płaszcz,3.0,7.43,0.18181818181818182,1.9459101490553135
567,636,637,nerka,organ,4.14,8.57,0.16666666666666666,1.9459101490553135
568,637,638,jabłko,sos,0.0,2.86,0.375,2.2335922215070942
569,638,639,kurczak,stek,1.0,5.29,0.14285714285714285,2.0794415416798357
570,639,640,samochód,szlauch,0.0,1.57,0.16666666666666666,1.8281271133989299
571,640,641,tytoń,papieros,1.43,8.71,0.15384615384615385,1.9459101490553135
572,641,642,student,profesor,1.0,8.57,0.5,2.0794415416798357
573,642,643,niemowlę,córka,2.57,6.29,0.5333333333333333,2.2335922215070942
574,643,644,fajka,cygaro,1.71,8.14,0.75,2.9267394020670396
575,644,645,mleko,sok,1.43,7.0,0.18181818181818182,2.2335922215070942
576,645,646,pudełko,cygaro,0.0,5.43,0.16666666666666666,2.0794415416798357
577,646,647,apartament,hotel,2.0,6.71,0.3076923076923077,2.2335922215070942
578,647,648,filiżanka,rożek,0.0,0.86,0.5,1.8281271133989299
579,648,649,koń,wół,1.57,7.57,0.631578947368421,2.639057329615259
580,649,650,gardło,nos,0.57,7.29,0.16666666666666666,2.2335922215070942
581,650,651,kość,ząb,2.0,5.43,0.2222222222222222,2.4159137783010487
582,651,652,kość,łokieć,0.57,6.43,0.2222222222222222,2.2335922215070942
583,652,653,bekon,fasola,0.57,4.43,0.14285714285714285,1.7227665977411035
584,653,654,kubek,słoik,2.43,5.0,0.7777777777777778,2.9267394020670396
585,654,655,dowód,fakt,4.29,7.29,0.25,2.4159137783010487
586,655,656,spotkanie,zobowiązanie,0.71,2.71,0.16666666666666666,2.0794415416798357
587,656,657,urodziny,rok,0.86,5.14,0.4,2.4159137783010487
588,657,658,słowo,wskazówka,0.57,4.43,0.2,2.0794415416798357
589,658,659,autor,twórca,8.29,9.43,0.7777777777777778,4.02535169073515
590,659,660,atom,węgiel,1.86,7.29,0.15384615384615385,1.8281271133989299
591,660,661,arcybiskup,biskup,4.86,9.0,0.7777777777777778,2.9267394020670396
592,661,662,litera,akapit,1.29,5.57,0.15384615384615385,1.7227665977411035
593,662,663,strona,akapit,1.71,6.43,0.2,2.0794415416798357
594,663,664,wieża,kaplica,1.14,4.14,0.7058823529411765,2.639057329615259
595,664,665,mięsień,kość,0.29,5.71,0.25,2.639057329615259
596,665,666,mięsień,język,2.71,7.29,0.2222222222222222,2.2335922215070942
597,666,667,chłopiec,żołnierz,1.29,4.57,0.6666666666666666,2.9267394020670396
598,667,668,brzuch,podbrzusze,5.14,8.29,0.2857142857142857,2.639057329615259
599,668,669,chłopak,dziewczyna,1.71,8.29,0.6666666666666666,2.9267394020670396
600,669,670,łóżko,krzesło,1.43,6.86,0.7777777777777778,2.9267394020670396
601,670,671,ubranie,kurtka,3.29,8.14,0.18181818181818182,1.9459101490553135
602,671,672,pistolet,nóż,0.86,5.57,0.5,2.639057329615259
603,672,673,puszka,metal,0.43,7.57,0.125,1.7227665977411035
604,673,674,butelka,pojemnik,3.0,6.71,0.5882352941176471,2.2335922215070942
605,674,675,kura,indyk,2.14,7.71,0.13333333333333333,1.6274564179367788
606,675,676,mięso,chleb,0.43,5.86,0.6666666666666666,2.639057329615259
607,676,677,ramię,kość,0.57,5.86,0.5454545454545454,2.639057329615259
608,677,678,szyja,kręgosłup,2.71,7.43,0.15384615384615385,1.7227665977411035
609,678,679,jabłko,cytryna,1.71,7.43,0.3333333333333333,1.8281271133989299
610,679,680,udręka,żal,2.71,5.86,0.18181818181818182,2.4159137783010487
611,680,681,przydział,zadanie,3.43,6.14,0.16666666666666666,1.8281271133989299
612,681,682,noc,świt,0.43,7.57,0.5,2.9267394020670396
613,682,683,obiad,zupa,2.29,7.43,0.625,2.4159137783010487
614,683,684,cielak,byk,4.71,7.86,0.5714285714285714,2.9267394020670396
615,684,685,śnieg,burza,0.29,5.29,0.4444444444444444,2.639057329615259
616,685,686,paznokieć,dłoń,1.14,6.86,0.3333333333333333,2.9267394020670396
617,686,687,pies,koń,0.86,7.57,0.5333333333333333,2.4159137783010487
618,687,688,ramię,szyja,0.29,6.86,0.5,2.4159137783010487
619,688,689,piłka,rękawica,0.14,4.86,0.25,2.4159137783010487
620,689,690,grypa,gorączka,0.29,8.29,0.15384615384615385,2.0794415416798357
621,690,691,opłata,pensja,2.14,4.86,0.5,2.4159137783010487
622,691,692,nerw,mózg,0.86,8.14,0.18181818181818182,1.9459101490553135
623,692,693,bestia,zwierzę,4.14,5.43,0.6666666666666666,2.9267394020670396
624,693,694,obiad,kurczak,0.57,5.86,0.15384615384615385,2.0794415416798357
625,694,695,dziewczyna,pokojówka,2.71,5.0,0.6153846153846154,2.639057329615259
626,695,696,dziecko,chłopiec,5.14,8.71,0.8,3.332204510175204
627,696,697,alkohol,wino,4.0,9.14,0.7692307692307693,3.332204510175204
628,697,698,nos,usta,1.14,6.29,0.5454545454545454,2.639057329615259
629,698,699,ulica,samochód,0.0,7.29,0.35294117647058826,1.8281271133989299
630,699,700,dzwonek,drzwi,0.0,6.71,0.2222222222222222,2.2335922215070942
631,700,701,pudełko,kapelusz,0.0,3.43,0.18181818181818182,2.4159137783010487
632,701,702,wiara,wrażenie,0.86,2.57,0.2,2.2335922215070942
633,702,703,uprzedzenie,opinia,2.43,6.57,0.18181818181818182,1.9459101490553135
634,703,704,uwaga,świadomość,3.43,6.0,0.18181818181818182,1.9459101490553135
635,704,705,złość,nastrój,2.86,6.57,0.5882352941176471,2.2335922215070942
636,705,706,elegancja,styl,5.86,8.14,0.2,2.4159137783010487
637,706,707,piękno,wiek,0.14,2.57,0.25,2.4159137783010487
638,709,710,witamina,żelazo,1.29,5.0,0.5,2.4159137783010487
639,710,711,samochód,fabryka,0.0,6.71,0.13333333333333333,2.0794415416798357
640,711,712,pakt,warunek,2.57,6.14,0.16666666666666666,1.8281271133989299
641,712,713,rozdział,wybór,0.0,0.57,0.16666666666666666,1.9459101490553135
642,713,714,arytmetyka,rytm,0.0,0.14,0.2222222222222222,2.2335922215070942
643,714,715,zwycięzca,obecność,0.0,0.0,0.15384615384615385,1.9459101490553135
644,715,716,wiara,kwiat,0.0,0.43,0.16666666666666666,1.8281271133989299
645,716,717,zwycięzca,cel,0.0,5.14,0.18181818181818182,1.9459101490553135
646,717,718,sztuczka,rozmiar,0.0,0.0,0.36363636363636365,2.2335922215070942
647,718,719,wybór,styl,0.0,1.43,0.18181818181818182,2.0794415416798357
648,719,720,hymn,podbój,0.0,1.29,0.125,1.540445040947149
649,720,721,wytrzymałość,zespół,0.0,0.0,0.2222222222222222,2.4159137783010487
650,721,722,więzienie,wybór,0.0,1.29,0.15384615384615385,1.7227665977411035
651,722,723,warunek,chłopiec,0.0,0.0,0.16666666666666666,2.0794415416798357
652,723,724,kwiat,wytrzymałość,0.0,0.86,0.2,2.0794415416798357
653,724,725,luka,porozumienie,0.0,0.57,0.18181818181818182,2.0794415416798357
654,725,726,doktor,usposobienie,0.0,0.29,0.18181818181818182,1.9459101490553135
655,726,727,bractwo,drzwi,0.0,0.0,0.14285714285714285,1.8281271133989299
656,727,728,zadanie,kobieta,0.0,1.29,0.2,2.0794415416798357
657,728,729,bractwo,baseball,0.0,0.43,0.15384615384615385,1.9459101490553135
658,730,731,obecność,drzwi,0.0,0.14,0.16666666666666666,2.0794415416798357
659,731,732,mysz,zarząd,0.0,0.0,0.13333333333333333,1.6274564179367788
660,732,733,zadanie,autostrada,0.0,0.0,0.15384615384615385,1.7227665977411035
661,733,734,trunek,wiek,0.0,1.86,0.2,2.0794415416798357
662,734,735,zadanie,słoma,0.0,0.0,0.16666666666666666,1.8281271133989299
663,735,736,wyspa,zadanie,0.0,0.0,0.18181818181818182,1.9459101490553135
664,736,737,noc,rozdział,0.0,0.0,0.2,2.0794415416798357
665,737,738,zanieczyszczenie,prezydent,0.0,0.14,0.16666666666666666,1.8281271133989299
666,738,739,pistolet,sztuczka,0.0,0.71,0.15384615384615385,1.8281271133989299
667,739,740,kąpiel,sztuczka,0.0,0.14,0.36363636363636365,2.2335922215070942
668,740,741,dieta,jabłko,0.57,3.86,0.14285714285714285,1.7227665977411035
669,742,743,rozdział,opowieść,1.86,5.43,0.15384615384615385,1.8281271133989299
670,743,744,danie,żołądek,0.14,4.86,0.2222222222222222,2.2335922215070942
671,744,745,hymn,słoma,0.0,0.0,0.13333333333333333,1.8281271133989299
672,745,746,dentysta,pułkownik,0.14,1.86,0.47058823529411764,1.9459101490553135
673,746,747,żona,słoma,0.0,0.0,0.14285714285714285,1.7227665977411035
674,747,748,dziura,żona,0.0,0.0,0.15384615384615385,1.7227665977411035
675,748,749,uczeń,prezydent,0.14,0.29,0.5333333333333333,2.2335922215070942
676,749,750,kąpiel,żona,0.0,0.43,0.16666666666666666,1.8281271133989299
677,751,752,wzór,logarytm,1.86,5.29,0.14285714285714285,1.7227665977411035
678,752,753,kobieta,futro,0.0,2.71,0.18181818181818182,1.9459101490553135
679,754,755,pistolet,świt,0.0,0.86,0.18181818181818182,1.9459101490553135
680,755,756,posiłek,talia,0.0,1.57,0.18181818181818182,2.4159137783010487
681,756,757,aparat,prezydent,0.0,0.29,0.14285714285714285,1.6274564179367788
682,758,759,żołądek,żyła,0.29,2.0,0.5,2.4159137783010487
683,759,760,pistolet,futro,0.0,0.0,0.15384615384615385,2.0794415416798357
684,760,761,trener,baseball,0.14,5.86,0.18181818181818182,1.9459101490553135
685,761,762,robotnik,kamera,0.0,0.29,0.16666666666666666,1.8281271133989299
686,762,763,pokład,mysz,0.0,1.43,0.14285714285714285,1.7227665977411035
687,763,764,ryż,chłopiec,0.0,0.14,0.15384615384615385,1.9459101490553135
688,765,766,klif,ogon,0.0,0.0,0.14285714285714285,1.8281271133989299
689,766,767,kostka,okno,0.0,0.0,0.16666666666666666,1.8281271133989299
690,767,768,księżniczka,wyspa,0.0,0.0,0.18181818181818182,1.9459101490553135
691,768,769,pojemnik,mysz,0.0,0.14,0.13333333333333333,1.8281271133989299
692,769,770,wóz,kontener,0.57,2.29,0.16666666666666666,2.0794415416798357
693,772,773,kąpiel,balon,0.0,0.0,0.15384615384615385,1.7227665977411035
694,773,774,żołądek,sypialnia,0.0,0.0,0.18181818181818182,1.9459101490553135
695,774,775,rower,sypialnia,0.0,0.14,0.15384615384615385,1.7227665977411035
696,775,776,kloc,kąpiel,0.0,0.0,0.2,2.0794415416798357
697,776,777,miska,ogon,0.0,0.57,0.16666666666666666,1.8281271133989299
698,777,778,iść,przyjść,5.29,8.57,0.18181818181818182,2.2335922215070942
699,778,779,wziąć,ukraść,3.43,6.86,0.3333333333333333,2.0794415416798357
700,779,780,słuchać,słyszeć,6.43,9.0,0.2222222222222222,2.2335922215070942
701,780,781,myśleć,racjonalizować,4.0,7.57,0.2222222222222222,2.2335922215070942
702,781,782,wystąpić,nastąpić,3.57,6.14,0.2222222222222222,2.2335922215070942
703,782,783,zanikać,znikać,7.14,8.71,0.14285714285714285,1.6274564179367788
704,783,784,mnożyć,dzielić,1.29,7.0,0.46153846153846156,2.2335922215070942
705,784,785,nalegać,błagać,5.43,7.29,0.14285714285714285,2.4159137783010487
706,785,786,zacząć,zapoczątkować,8.14,9.0,0.5,2.9267394020670396
707,786,787,chronić,bronić,7.0,8.57,0.2222222222222222,2.2335922215070942
708,787,788,zabić,zniszczyć,4.0,6.71,0.5454545454545454,2.639057329615259
709,788,789,stworzyć,zrobić,7.43,8.43,0.5714285714285714,3.332204510175204
710,789,790,akceptować,odrzucić,1.0,7.0,0.16666666666666666,1.9459101490553135
711,790,791,ignorować,unikać,4.86,5.71,0.18181818181818182,2.0794415416798357
712,791,792,nieść,przynieść,5.71,7.86,0.14285714285714285,1.6274564179367788
713,792,793,wyjść,wejść,1.0,6.86,0.15384615384615385,2.2335922215070942
714,793,794,decydować,wybrać,5.43,7.71,0.2222222222222222,2.2335922215070942
715,794,795,przegrać,zawieść,3.0,6.0,0.3076923076923077,1.9459101490553135
716,795,796,zachęcić,zniechęcić,0.57,7.0,0.42857142857142855,2.2335922215070942
717,796,797,osiągnąć,spełnić,3.86,6.86,0.4444444444444444,2.639057329615259
718,797,798,stworzyć,skonstruować,7.43,8.43,0.4,2.639057329615259
719,798,799,słuchać,przestrzegać,2.57,4.57,0.2,2.0794415416798357
720,799,800,poinformować,zawiadomić,9.0,9.57,0.7692307692307693,3.332204510175204
721,800,801,otrzymywać,dać,1.0,6.57,0.2222222222222222,2.2335922215070942
722,801,802,pożyczyć,błagać,0.86,2.86,0.18181818181818182,1.9459101490553135
723,802,803,wziąć,otrzymać,2.43,5.86,0.2,2.2335922215070942
724,803,804,poradzić,polecić,5.57,7.57,0.15384615384615385,1.8281271133989299
725,804,805,imitować,portretować,1.57,4.57,0.4444444444444444,2.639057329615259
726,805,806,zwyciężyć,osiągnąć,3.57,6.14,0.4444444444444444,2.639057329615259
727,806,807,myśleć,decydować,1.86,5.29,0.3333333333333333,2.9267394020670396
728,807,808,przywitać,spotkać,1.0,4.86,0.16666666666666666,1.8281271133989299
729,808,809,uzgadniać,dyskutować,3.29,6.14,0.5714285714285714,2.4159137783010487
730,809,810,lubić,bawić,0.0,3.57,0.2,2.0794415416798357
731,810,811,niszczyć,robić,0.71,4.86,0.25,2.639057329615259
732,811,812,ratować,chronić,5.29,7.57,0.16666666666666666,2.0794415416798357
733,812,813,dawać,pożyczać,3.0,6.0,0.2857142857142857,2.639057329615259
734,813,814,pojmować,rozumieć,6.86,8.86,0.5,2.9267394020670396
735,814,815,brać,otrzymywać,3.29,6.29,0.15384615384615385,1.7227665977411035
736,815,816,akceptować,uznawać,7.14,8.57,0.46153846153846156,2.2335922215070942
737,816,817,decydować,wybierać,5.14,7.14,0.5,2.9267394020670396
738,817,818,akceptować,wierzyć,0.14,2.71,0.7142857142857143,2.9267394020670396
739,818,819,trzymać,posiadać,4.86,6.71,0.25,2.4159137783010487
740,819,820,wędrować,błądzić,3.57,6.0,0.6,2.9267394020670396
741,820,821,wygrywać,przegrywać,1.0,6.71,0.2222222222222222,2.2335922215070942
742,821,822,wydawać,oszczędzać,1.0,6.71,0.18181818181818182,2.2335922215070942
743,822,823,wyjść,pójść,2.57,6.0,0.8571428571428571,4.02535169073515
744,823,824,przyjść,uczestniczyć,1.71,4.43,0.2,2.0794415416798357
745,824,825,wiedzieć,wierzyć,1.71,6.0,0.2,2.0794415416798357
746,825,826,gromadzić,spotykać,2.57,3.0,0.18181818181818182,1.9459101490553135
747,826,827,robić,zarobić,0.71,3.57,0.2222222222222222,2.2335922215070942
748,827,828,zapominać,ignorować,0.71,2.43,0.16666666666666666,2.0794415416798357
749,828,829,mnożyć,dodawać,0.86,6.71,0.625,2.639057329615259
750,829,830,maleć,rosnąć,0.86,6.71,0.4444444444444444,2.639057329615259
751,830,831,przyjeżdżać,wyjeżdżać,1.0,6.71,0.15384615384615385,2.0794415416798357
752,831,832,osiągnąć,próbować,0.71,5.57,0.2,2.0794415416798357
753,832,833,akceptować,zaprzeczać,0.86,5.14,0.18181818181818182,1.9459101490553135
754,833,834,przybywać,przyjeżdżać,7.86,8.86,0.7142857142857143,2.9267394020670396
755,834,835,uzgadniać,różnić,0.71,5.71,0.16666666666666666,2.0794415416798357
756,835,836,wysyłać,otrzymywać,0.71,5.29,0.36363636363636365,2.2335922215070942
757,836,837,zwyciężać,dominować,3.14,6.14,0.2857142857142857,2.639057329615259
758,837,838,dodawać,dzielić,0.71,6.29,0.5,2.4159137783010487
759,838,839,zabić,udusić,5.14,7.71,0.3076923076923077,1.9459101490553135
760,839,840,nabyć,dostać,2.71,6.14,0.7692307692307693,3.332204510175204
761,840,841,uczestniczyć,dołączyć,2.14,5.0,0.2,2.4159137783010487
762,842,843,iść,wejść,2.14,5.86,0.18181818181818182,1.9459101490553135
763,843,844,wziąć,nieść,0.86,4.71,0.16666666666666666,1.8281271133989299
764,844,845,zapomnieć,poznawać,0.57,5.0,0.25,2.4159137783010487
765,845,846,mianować,wybrać,4.14,6.57,0.18181818181818182,2.0794415416798357
766,846,847,zaręczyć,poślubić,3.43,7.57,0.46153846153846156,2.2335922215070942
767,847,848,prosić,nalegać,6.86,8.43,0.15384615384615385,2.639057329615259
768,848,849,iść,posyłać,0.43,3.71,0.3076923076923077,1.9459101490553135
769,849,850,wziąć,dostarczać,0.57,4.43,0.2222222222222222,2.2335922215070942
770,850,851,mówić,słyszeć,0.29,6.86,0.18181818181818182,1.9459101490553135
771,851,852,analizować,oceniać,3.14,5.14,0.2,2.0794415416798357
772,852,853,argumentować,racjonalizować,4.0,5.0,0.4,1.9459101490553135
773,853,854,stracić,zatrzymać,0.71,5.29,0.4444444444444444,2.639057329615259
774,854,855,porównywać,analizować,5.86,7.86,0.2,2.4159137783010487
775,855,856,dezorganizować,organizować,0.86,6.86,0.18181818181818182,1.9459101490553135
776,856,857,iść,pozwalać,0.29,1.43,0.2,2.2335922215070942
777,857,858,wziąć,posiąść,5.14,6.43,0.36363636363636365,2.2335922215070942
778,858,859,poznawać,słuchać,1.14,3.71,0.25,2.4159137783010487
779,859,860,burzyć,budować,0.71,6.43,0.2222222222222222,2.2335922215070942
780,860,861,tworzyć,budować,5.86,8.14,0.25,2.4159137783010487
781,861,862,kraść,kupować,0.57,5.86,0.2,2.0794415416798357
782,862,863,zabić,powiesić,4.86,6.86,0.46153846153846156,2.2335922215070942
783,863,864,zapomnieć,wiedzieć,0.57,5.57,0.25,2.4159137783010487
784,864,865,tworzyć,wymyślać,5.86,7.71,0.2857142857142857,2.9267394020670396
785,865,866,zrobić,nastąpić,1.57,1.86,0.2857142857142857,2.639057329615259
786,866,867,wygrać,osiągnąć,4.29,6.29,0.4444444444444444,2.639057329615259
787,867,868,dawać,odmawiać,0.57,5.43,0.2222222222222222,2.2335922215070942
788,868,869,zasłużyć,zarobić,2.57,4.29,0.6666666666666666,2.9267394020670396
789,869,870,dostawać,wkładać,0.14,1.71,0.18181818181818182,2.0794415416798357
790,870,871,zlokalizować,znaleźć,8.14,9.29,0.36363636363636365,2.2335922215070942
791,871,872,zawitać,przyjść,6.14,7.57,0.75,2.9267394020670396
792,872,873,wiedzieć,rozumieć,5.57,7.14,0.2857142857142857,2.639057329615259
793,874,875,satysfakcjonować,zadowalać,8.86,9.57,0.8571428571428571,4.02535169073515
794,875,876,hołubić,trzymać,2.43,4.43,0.18181818181818182,2.2335922215070942
795,876,877,dyskutować,różnić,1.57,4.86,0.16666666666666666,2.0794415416798357
796,877,878,przezwyciężyć,zdominować,1.86,4.0,0.2,2.0794415416798357
797,878,879,postępować,przestrzegać,1.0,4.0,0.18181818181818182,1.9459101490553135
798,879,880,współpracować,uczestniczyć,2.0,5.0,0.4444444444444444,2.639057329615259
799,880,881,osiągać,próbować,1.29,4.43,0.2,2.2335922215070942
800,881,882,przegrać,zniechęcić,1.0,4.57,0.3076923076923077,1.9459101490553135
801,882,883,zacząć,porzucić,0.43,5.71,0.2,2.2335922215070942
802,883,884,mówić,uczestniczyć,0.86,3.43,0.18181818181818182,2.0794415416798357
803,884,885,przyjść,przynieść,0.71,3.57,0.15384615384615385,1.9459101490553135
804,885,886,deklarować,ogłaszać,6.71,8.0,0.5,2.4159137783010487
805,886,887,czytać,rozumieć,0.29,4.29,0.25,2.4159137783010487
806,887,888,wziąć,opuścić,0.29,3.57,0.18181818181818182,2.2335922215070942
807,888,889,obwieszczać,ogłaszać,9.29,9.71,0.875,4.02535169073515
808,889,890,zdobyć,otrzymać,3.29,5.71,0.2,2.639057329615259
809,890,891,wywnioskować,decydować,1.86,4.43,0.25,2.4159137783010487
810,891,892,prosić,błagać,7.57,8.57,0.8,3.332204510175204
811,892,893,argumentować,udowadniać,7.29,8.29,0.8235294117647058,3.332204510175204
812,893,894,prosić,apelować,7.0,8.29,0.3076923076923077,2.2335922215070942
813,894,895,znaleźć,zniknąć,0.29,5.0,0.2,2.0794415416798357
814,895,896,sprawdzać,badać,5.29,7.43,0.6666666666666666,3.332204510175204
815,896,897,weryfikować,uzasadniać,2.71,6.0,0.7777777777777778,2.9267394020670396
816,897,898,zakładać,przewidywać,6.14,7.29,0.25,2.4159137783010487
817,898,899,poznawać,oceniać,1.29,4.43,0.25,2.4159137783010487
818,899,900,argumentować,uzasadniać,8.86,9.57,0.875,4.02535169073515
819,900,901,zrobić,zostać,0.29,0.29,0.3333333333333333,2.9267394020670396
820,902,903,zwyciężyć,dokonać,3.14,6.43,0.5,2.9267394020670396
821,903,904,dać,położyć,0.71,3.43,0.2,2.4159137783010487
822,904,905,rozumieć,słuchać,0.57,4.43,0.6,2.9267394020670396
823,905,906,rozwijać,rosnąć,3.14,5.14,0.16666666666666666,1.8281271133989299
824,906,907,pożyczać,sprzedawać,1.43,4.29,0.25,2.4159137783010487
825,907,908,trzymać,chronić,1.71,3.71,0.2222222222222222,2.2335922215070942
826,908,909,wyjaśniać,udowadniać,5.43,6.86,0.75,2.9267394020670396
827,909,910,założyć,udawać,0.0,2.57,0.18181818181818182,1.9459101490553135
828,910,911,zgadzać,zadowalać,0.0,0.86,0.14285714285714285,1.8281271133989299
829,911,912,wybaczyć,zapomnieć,3.14,4.57,0.6,2.9267394020670396
830,912,913,wyjaśniać,tłumaczyć,9.29,9.71,0.8571428571428571,4.02535169073515
831,913,914,zrozumieć,wybaczyć,1.14,4.29,0.4,2.4159137783010487
832,914,915,przypomnieć,zapomnieć,1.0,7.0,0.16666666666666666,1.9459101490553135
833,915,916,dostać,pozostać,0.0,0.86,0.16666666666666666,1.8281271133989299
834,916,917,zrozumieć,odkryć,1.71,3.86,0.16666666666666666,2.0794415416798357
835,917,918,wymagać,dociekać,0.0,1.71,0.2,2.0794415416798357
836,918,919,ignorować,pytać,0.14,2.0,0.18181818181818182,2.0794415416798357
837,919,920,myśleć,pytać,0.57,3.86,0.25,2.4159137783010487
838,920,921,odrzucać,unikać,1.29,4.57,0.18181818181818182,2.2335922215070942
839,921,922,argumentować,przekonywać,7.29,8.57,0.18181818181818182,1.9459101490553135
840,922,923,dążyć,przekonywać,2.0,3.86,0.2,2.0794415416798357
841,923,924,akceptować,wybaczać,1.86,4.71,0.18181818181818182,1.9459101490553135
842,924,925,robić,rezygnować,0.0,0.86,0.2857142857142857,2.9267394020670396
843,925,926,przebadać,zbadać,7.43,8.0,0.7272727272727273,3.332204510175204
844,926,927,dyskutować,wyjaśniać,1.71,5.0,0.42857142857142855,2.0794415416798357
845,928,929,poszukiwać,odkrywać,2.43,6.71,0.16666666666666666,2.0794415416798357
846,929,930,narzekać,kwestionować,1.57,4.0,0.2222222222222222,2.2335922215070942
847,930,931,wycofywać,odrzucać,1.43,3.43,0.16666666666666666,2.0794415416798357
848,931,932,trzymać,pożyczać,0.0,1.86,0.2857142857142857,2.639057329615259
849,932,933,upraszać,błagać,7.43,9.57,0.25,1.8281271133989299
850,933,934,aranżować,organizować,5.14,6.43,0.2,2.4159137783010487
851,934,935,zmniejszyć,kurczyć,7.43,8.57,0.16666666666666666,2.2335922215070942
852,935,936,mówić,przyznawać,2.71,4.29,0.625,2.4159137783010487
853,936,937,dać,pożyczyć,3.71,6.29,0.5,2.9267394020670396
854,937,938,zabijać,bronić,0.0,4.57,0.36363636363636365,2.2335922215070942
855,938,939,znikać,maleć,4.71,6.0,0.16666666666666666,1.8281271133989299
856,939,940,dostarczyć,przynieść,7.14,8.14,0.46153846153846156,2.2335922215070942
857,940,941,oddychać,dławić,0.43,5.43,0.2222222222222222,2.4159137783010487
858,941,942,uznawać,powiadamiać,0.0,1.14,0.15384615384615385,2.0794415416798357
859,942,943,zostawać,wyglądać,0.0,0.29,0.25,2.4159137783010487
860,943,944,udawać,wyglądać,0.43,2.0,0.2222222222222222,2.2335922215070942
861,944,945,osiągać,zostawać,2.29,2.0,0.25,2.4159137783010487
862,945,946,kontemplować,myśleć,6.71,7.86,0.5714285714285714,3.332204510175204
863,946,947,określić,przewidzieć,2.57,5.0,0.2857142857142857,2.639057329615259
864,947,948,dogadzać,zabawiać,3.29,4.57,0.16666666666666666,1.8281271133989299
865,948,949,pozostawać,utrzymywać,1.71,3.14,0.2,2.639057329615259
866,949,950,udawać,grać,5.14,5.0,0.4444444444444444,2.639057329615259
867,950,951,zapominać,utrzymywać,0.0,0.29,0.46153846153846156,2.2335922215070942
868,951,952,chcieć,wybierać,1.14,3.86,0.2,2.4159137783010487
869,952,953,stracić,dostać,0.86,6.0,0.18181818181818182,1.9459101490553135
870,953,954,próbować,myśleć,0.0,3.71,0.25,2.9267394020670396
871,955,956,opuścić,zignorować,3.14,3.57,0.18181818181818182,2.2335922215070942
872,956,957,akceptować,rekomendować,1.57,3.0,0.14285714285714285,1.7227665977411035
873,957,958,opuścić,wędrować,0.57,2.43,0.18181818181818182,2.2335922215070942
874,958,959,zachować,oddać,0.86,4.71,0.4444444444444444,2.639057329615259
875,959,960,dawać,pozwalać,1.86,3.57,0.2222222222222222,2.639057329615259
876,960,961,przynosić,wysyłać,0.86,4.14,0.36363636363636365,2.2335922215070942
877,961,962,chłonąć,poznawać,5.71,6.43,0.25,2.4159137783010487
878,962,963,zdobyć,znaleźć,2.29,4.29,0.7272727272727273,3.332204510175204
879,963,964,opuścić,wyglądać,0.0,0.0,0.18181818181818182,1.9459101490553135
880,964,965,tworzyć,niszczyć,0.71,6.71,0.2222222222222222,2.4159137783010487
881,965,966,zaczynać,iść,0.0,0.29,0.25,2.4159137783010487
882,966,967,dostać,kupić,2.86,4.43,0.7692307692307693,3.332204510175204
883,967,968,zbierać,odkładać,5.86,7.29,0.46153846153846156,2.2335922215070942
884,968,969,zastępować,przywrócić,0.43,2.43,0.2222222222222222,2.2335922215070942
885,969,970,dołączać,dodawać,6.57,7.86,0.7692307692307693,3.332204510175204
886,970,971,połączyć,poślubić,3.71,6.0,0.6,2.9267394020670396
887,971,972,przyjmować,dostarczać,0.43,4.14,0.2222222222222222,2.4159137783010487
888,972,973,przyłączać,dołączać,8.43,9.29,0.2,2.0794415416798357
889,973,974,położyć,powiesić,0.71,4.43,0.75,2.9267394020670396
890,974,975,iść,sprzedawać,0.0,0.14,0.3333333333333333,2.0794415416798357
891,976,977,dawać,kraść,0.57,2.71,0.2222222222222222,2.2335922215070942
892,977,978,dodawać,budować,0.43,2.14,0.2222222222222222,2.639057329615259
893,978,979,przynieść,odtworzyć,0.0,0.71,0.4,1.9459101490553135
894,979,980,zrozumieć,zaspokoić,0.0,1.57,0.16666666666666666,2.0794415416798357
895,980,981,przedstawiać,decydować,0.0,0.29,0.2222222222222222,2.4159137783010487
896,981,982,organizować,zostawać,0.0,0.0,0.25,2.4159137783010487
897,982,983,dawać,wiedzieć,0.0,0.0,0.2857142857142857,2.639057329615259
898,983,984,mówić,weryfikować,0.0,0.86,0.5882352941176471,2.2335922215070942
899,984,985,współpracować,dołączyć,0.0,2.57,0.18181818181818182,2.0794415416798357
900,985,986,organizować,wymagać,0.43,2.14,0.2,2.0794415416798357
901,986,987,pożyczyć,chcieć,0.0,1.43,0.2222222222222222,2.2335922215070942
902,987,988,badać,dążyć,0.57,3.0,0.2222222222222222,2.4159137783010487
903,988,989,ignorować,odkrywać,0.0,2.57,0.15384615384615385,1.9459101490553135
904,989,990,wnosić,narzekać,0.0,0.29,0.5,2.0794415416798357
905,991,992,przedstawiać,zawiadamiać,2.71,4.86,0.6666666666666666,2.639057329615259
906,992,993,przypominać,sprzedawać,0.0,0.0,0.25,2.4159137783010487
907,993,994,wchłaniać,posiadać,0.0,2.0,0.2,2.0794415416798357
908,994,995,dołączyć,zdobyć,0.43,2.29,0.18181818181818182,2.2335922215070942
909,995,996,wysyłać,uczestniczyć,0.0,0.86,0.2,2.4159137783010487
910,996,997,zbierać,uczestniczyć,0.0,0.71,0.2222222222222222,2.639057329615259
911,997,998,pochłonąć,wycofać,0.0,0.57,0.14285714285714285,1.9459101490553135
912,998,999,uczestniczyć,przybyć,0.57,3.43,0.2,2.0794415416798357
